lon,lat,observer_height,heading_deg
13.13411524,37.73543713,2,75.45948792
14.47939907,36.964842,2,277.1530151
14.81909417,36.73466843,2,352.6075897
13.54797409,37.36202428,2,344.5246735
12.90737521,37.79874239,2,94.6030426
14.43090008,37.00344405,2,196.3040771
14.70489263,36.9791784,2,239.4052124
13.77770946,37.85007355,2,238.0661621
14.01480052,37.15778884,2,350.3700256
14.8317183,36.93533672,2,114.3407745
14.84857577,36.93109433,2,184.3981018
14.71859155,37.00690667,2,311.5918427
14.17387429,37.09080955,2,109.9713516
14.61099757,37.27870256,2,327.407547
14.32004204,37.41788288,2,329.1812744
14.75360984,37.18379037,2,302.4297485
14.79090917,37.04741964,2,71.12733459
13.50775019,38.00118963,2,280.812439
15.50276232,38.0910797,2,359.4669342
14.35760302,37.04509746,2,308.9109192
13.92497711,37.73971207,2,333.2218323
14.76170925,37.18550151,2,284.7539978
14.81907886,36.73458744,2,351.8506165
14.29608742,37.04059371,2,145.6990623
14.79137538,37.04739537,2,109.3903198
15.08627062,36.81044266,2,228.4111328
12.76963567,37.88155103,2,113.1527863
15.09365867,38.08269001,2,188.5730896
14.70534309,36.97895501,2,273.6707458
12.85684259,37.65825794,2,343.2554016
14.799851,37.2328906,2,301.344986
13.66514653,37.77460239,2,332.4781342
14.6299781,37.19691784,2,302.7687836
14.57794525,37.1560655,2,218.289093
13.63135077,37.80991198,2,153.0276718
14.20279272,37.11769271,2,200.0844116
13.5090163,37.4019583,2,149.4032803
14.91987775,36.94505898,2,260.4845581
14.20290322,37.11753269,2,25.1625824
14.91756329,36.94502087,2,274.2926025
14.11175995,37.96823951,2,324.4827881
14.76194044,37.18551776,2,97.31275177
14.46564591,37.56244487,2,280.5289307
13.21634133,37.73347716,2,79.90982056
14.611232,37.27887381,2,295.7050476
14.78504167,37.1592697,2,41.76486206
14.97847432,36.84813709,2,175.5051312
14.66203965,37.00453948,2,30.26855469
14.79125571,37.04781633,2,309.4274597
14.29622524,37.04074877,2,146.9200211
14.63101272,36.96291839,2,121.743248
14.85859541,36.80967656,2,314.5564423
14.4733503,36.89651973,2,130.2652397
14.79959367,37.23277017,2,301.1711273
14.65422357,38.08332219,2,87.1175766
15.01763057,38.0383572,2,76.43501282
15.01387631,36.85350647,2,267.3195801
13.88227997,37.96033284,2,313.8746796
14.5993978,38.06331148,2,119.7409554
14.39401635,37.27607469,2,139.9539986
14.73809089,36.77213908,2,213.9779968
14.66820409,36.85103793,2,296.4529419
14.58677296,36.81436523,2,39.72843933
12.55691395,37.69414062,2,139.0731659
14.23959997,37.81883398,2,136.876339
15.05071468,37.27251427,2,307.0826111
14.97676465,36.92510804,2,111.5358582
14.66178388,37.00486265,2,36.4785614
13.79220254,37.82388188,2,267.1565247
14.57801424,37.15597802,2,206.2977905
14.20174638,37.81392767,2,134.8770561
13.55921399,37.92798897,2,31.07417297
14.63091621,36.96287329,2,120.6075516
14.71844043,37.00678424,2,7.952850342
14.91742196,36.94500592,2,281.2846985
13.24776934,37.85108824,2,96.66181183
14.83039797,37.01675541,2,294.5379944
15.01373436,36.85351759,2,261.577179
14.58705724,36.81408062,2,220.6619263
14.52202507,36.84004623,2,195.4761963
14.72880408,37.25701622,2,207.5386963
15.08618829,36.81049225,2,56.92441559
14.73845093,36.7716745,2,30.09820557
14.20299306,37.1173659,2,207.6281433
14.53271187,36.78119277,2,108.4832611
14.36890392,37.15587469,2,157.8291035
14.66595705,36.95765781,2,24.76257324
14.9194764,36.94507763,2,276.0521851
14.66623881,37.31412331,2,211.2164307
14.97363434,38.11789517,2,193.1525574
13.65778901,37.4041215,2,102.9108353
14.70547836,36.97896,2,274.2823486
14.43289906,36.92623735,2,25.28501892
14.20271476,37.11789213,2,197.9567871
14.84856312,36.93236106,2,160.193924
14.71843803,37.00678567,2,346.7252045
13.90532973,37.92585176,2,117.9657822
14.70004504,37.387573,2,323.0305786
14.3228491,37.54035426,2,300.6208191
13.24323833,37.73535314,2,195.4266968
14.47644978,37.06056865,2,105.8608093
14.70259611,37.04210619,2,153.8816051
13.01342438,37.7714785,2,145.5552444
13.1738062,37.81401203,2,68.81116486
14.97845471,36.84800184,2,170.1717386
14.0148177,37.15787993,2,346.545578
14.47705381,37.23574043,2,259.3912354
14.34827792,36.99613971,2,39.52319336
14.29581018,37.04027167,2,148.0248375
14.43305327,36.92598871,2,207.1728821
14.91931698,36.94506299,2,277.5909119
13.32202347,37.77230995,2,94.64926147
14.63134297,36.96308287,2,124.00774
14.13044814,37.9259032,2,88.06322479
14.63543961,37.08772057,2,67.2445755
14.79999819,37.23296024,2,301.4300842
14.7421238,37.00019948,2,305.5524597
14.62345793,37.39228254,2,96.8403244
13.55058256,37.69422052,2,157.2607784
14.30481623,37.87182489,2,192.4174194
14.79136211,37.04785554,2,290.1757355
13.81334458,37.81432731,2,291.0160065
14.47258048,37.74030559,2,108.6425247
15.00806314,37.58756171,2,181.4081116
14.83078654,37.01694652,2,313.2406769
14.52135677,36.78550752,2,294.234314
14.47681515,37.06065974,2,109.0395126
14.34371999,37.55802932,2,310.3214264
14.93633502,36.81208395,2,345.3075256
13.65729194,37.8162202,2,339.5775757
14.18564525,37.08678181,2,243.5336609
13.24261447,37.64870858,2,269.9154663
14.18578146,37.0870589,2,105.1218719
14.43316244,36.92580379,2,205.1421509
12.90423185,37.76698339,2,75.0759201
14.92911688,38.004481,2,93.73337555
14.58713797,36.81399929,2,42.1056366
14.47312417,36.89656833,2,253.8388977
14.40353114,36.92955815,2,204.2763367
14.43673819,36.88808032,2,301.5685272
14.77793756,38.0051873,2,94.71374512
15.08635955,36.81036885,2,220.2250366
14.40371924,36.92920157,2,203.3433838
14.66414891,37.19353534,2,297.4581909
14.51205279,37.01139717,2,83.60380554
14.50018622,37.26255558,2,206.4502258
14.91772315,36.94501918,2,265.0568237
15.01969869,37.34484024,2,134.1773834
14.66677207,37.07929837,2,93.2556839
12.4939387,37.68334833,2,24.37896729
14.46928454,36.84934466,2,237.7959595
12.89751082,37.67098839,2,77.98581696
14.69815099,36.85698929,2,325.5507965
14.29417381,37.03829891,2,182.0382385
15.03429725,36.72943084,2,276.2889404
14.62967969,37.19676194,2,303.4768372
14.78496795,37.08205574,2,167.0880146
14.39848509,37.47868207,2,255.9632874
14.81912428,36.73486636,2,353.4327545
13.54274753,37.96068504,2,166.7849255
14.57518625,37.15400232,2,294.3672791
14.84776478,37.2036571,2,162.0679607
14.01484631,37.15797134,2,347.4890137
14.79945387,37.23270454,2,301.500946
13.45462686,37.65618595,2,269.1455383
14.58684098,36.81430109,2,219.4164124
14.82389142,36.76730625,2,307.7742767
14.29798365,37.68235896,2,157.8619747
14.2942796,37.03813896,2,224.5187683
14.43294685,36.92615585,2,26.71896362
14.97698857,36.92518441,2,117.8598404
14.4034894,36.92963528,2,204.5153809
14.54931725,37.04289625,2,181.7919922
14.32229318,37.47364333,2,95.38813782
13.2954862,37.7442832,2,301.9000244
14.79691874,36.70713993,2,313.846283
14.82890211,37.01643093,2,284.4937134
13.48002499,38.00456747,2,154.168663
14.47642525,37.23584388,2,259.9776611
13.84807988,37.1854939,2,81.09096527
13.17040366,37.7709109,2,245.9778442
14.74270976,37.000539,2,124.9660835
14.69764253,36.85656893,2,298.7411804
14.92010231,36.94502342,2,258.5058289
14.66857731,36.85117209,2,271.6921082
14.75607519,37.42536845,2,279.7399902
14.47629046,37.23586609,2,259.9848633
14.70496961,36.97910517,2,57.12705231
14.69774451,36.8566161,2,305.2797394
14.6679088,36.85093706,2,294.2303009
14.63330407,37.00920606,2,143.1229744
14.75779992,36.99117798,2,217.3415833
13.09619819,37.72038527,2,308.8851471
14.549336,37.04243932,2,3.583724976
13.69769119,37.42110731,2,315.7880249
14.78519757,37.08184842,2,291.5600586
13.59607597,37.42594351,2,179.5200689
12.90489095,37.70121403,2,234.5028076
12.70676896,37.69534359,2,347.1895447
14.69332212,37.31851068,2,49.63726807
15.03442299,36.72943965,2,276.8978882
12.64979873,37.86147546,2,27.7408905
14.98866984,36.77298638,2,351.2033844
12.82133536,37.65586963,2,267.7507935
12.67057302,37.72923113,2,91.8262558
14.14241284,37.85126926,2,56.02620697
14.40142403,37.50329847,2,107.6579819
14.62988204,37.19686608,2,122.4948578
14.48559577,37.00020632,2,13.11955261
15.08656615,36.81013111,2,214.8093567
14.97709742,36.92523403,2,121.7458458
14.39199614,37.0385117,2,228.3025513
14.29420399,37.03821241,2,215.8470154
14.64162477,36.92257347,2,15.60185242
14.82368116,36.76714341,2,320.5032654
14.36753675,37.50072892,2,147.8449516
14.73833005,36.77183563,2,32.90943909
15.2741447,37.92681604,2,70.77745056
13.46489651,37.65950067,2,233.1893005
12.48506334,37.69156825,2,243.8681641
14.48601447,37.00004207,2,118.353878
14.66215352,37.00437689,2,31.66223145
13.73288797,37.24743799,2,88.32745361
14.66714831,37.15760604,2,221.1173706
14.76182284,37.18551053,2,95.56632996
14.79920571,37.23258742,2,300.6425781
14.7497446,37.39270771,2,83.37465668
14.64347383,37.14451139,2,313.4922943
14.3583662,37.04557121,2,307.7147827
14.69974027,36.73213581,2,254.1010132
12.47911135,37.73343275,2,137.1370659
14.9886061,36.77259718,2,356.7201843
14.75078973,36.95903823,2,50.08235168
14.67124716,37.04115953,2,269.2455444
14.9638654,37.27619097,2,181.3205566
13.04196954,37.76277627,2,351.7429962
14.43310808,36.92589863,2,205.9092102
14.85794712,36.80917618,2,158.5906353
14.30646177,37.87915871,2,217.4202881
14.17413684,37.09110097,2,145.913044
15.46549865,38.04669657,2,34.83905029
12.63512799,37.71608669,2,54.76057434
14.69974035,36.73208856,2,141.1053467
14.29575231,37.04019836,2,149.5011063
14.93642137,36.92409685,2,138.5055199
14.84847441,36.93093924,2,308.4214783
14.81409386,38.07376972,2,120.2239304
14.55333433,36.81148445,2,78.82793427
14.47717252,37.23571991,2,259.3961182
13.60228637,37.80833901,2,276.3502502
14.17594102,37.1442653,2,201.184082
14.8237801,36.7672304,2,314.4766998
14.21612232,38.00411266,2,60.24034119
15.04985299,36.77608154,2,300.518219
14.84853845,36.9310057,2,149.4168682
14.71868793,37.00697211,2,134.3969498
15.04221213,38.04492464,2,29.57987976
13.43518307,37.92496582,2,174.7202172
12.79396967,37.85397385,2,104.4138107
14.91923259,36.94505599,2,276.8095398
13.84834836,37.18545562,2,72.10416412
13.1787008,37.84167959,2,137.5504456
13.20878535,37.80885429,2,41.12257385
13.28374345,37.69654383,2,346.6867828
14.92683588,37.23210956,2,12.86146545
14.47526695,36.81413633,2,339.6398163
14.91676317,36.94507378,2,121.4382477
14.66186021,37.00477543,2,33.63897705
14.97436173,37.07275284,2,84.8821106
14.73855987,36.77151028,2,32.82649231
14.66735214,37.07920163,2,65.36716461
14.85843445,37.30763799,2,341.0044403
14.85816981,36.80939862,2,129.9570198
15.03453633,36.72947274,2,343.0793152
14.57787634,37.1561332,2,222.7749939
14.85868307,36.80972904,2,134.7428589
14.84822323,36.93075831,2,337.5774384
14.98863177,36.77279076,2,352.9169006
14.74201637,37.00014644,2,300.949707
14.69791669,36.85674322,2,329.4040833
14.93628787,36.92392225,2,129.0288811
14.79992384,37.23292503,2,301.5259705
14.22312549,37.12611821,2,313.7307892
14.83161116,36.93528945,2,125.09758
14.90000499,37.57852504,2,143.1305199
12.76321053,37.72321671,2,341.2811737
14.35779808,37.04522233,2,308.9187012
14.40363798,36.92935917,2,203.5697632
14.29569072,37.04011612,2,149.9620132
14.97740933,36.92540031,2,127.0064201
14.55757039,37.5865233,2,318.9399414
14.55292841,37.46041368,2,280.8428955
13.4847528,37.8263627,2,85.74163818
14.46938388,36.84927953,2,230.6218262
14.90484694,36.82327888,2,142.0953941
14.93697954,37.11963213,2,246.2945862
13.57838583,37.76106645,2,66.98026276
14.17408186,37.09103618,2,149.0775051
13.62929842,37.69548544,2,208.2329102
14.82339885,36.76682818,2,328.6343536
13.54354725,37.7870604,2,72.88015747
14.5560226,37.07982462,2,21.8480835
13.3469744,37.68763339,2,158.4102707
14.53253614,36.78092238,2,152.2494965
14.90470152,36.8231343,2,323.192215
14.62680475,37.2684813,2,248.6004639
14.67492199,37.64971791,2,315.0236053
14.74281043,37.0005908,2,122.3754578
14.24795152,37.77806677,2,72.42389679
14.85807654,36.80933222,2,136.1286201
12.66103909,37.849545,2,326.1005707
14.96892856,37.34055295,2,227.0083008
15.01359527,36.85354304,2,254.4368591
12.74727925,37.69421223,2,341.9088593
14.74333773,37.2756833,2,172.9391327
12.59663271,37.65608377,2,36.94104004
14.66688755,37.07930082,2,93.06924438
14.74284488,37.15916959,2,135.4138527
13.20673201,37.85545163,2,285.6148682
14.62760124,37.23450374,2,182.2215881
14.91730692,36.94498263,2,286.9372253
14.43663221,36.88802953,2,302.1004944
14.79109482,37.04785278,2,254.7376099
14.75066012,36.95944504,2,318.8039246
14.52195628,36.84042165,2,143.6934547
14.20268363,37.11797337,2,197.7956238
14.43087761,37.00352836,2,196.2369995
13.86038686,37.12074033,2,63.66500854
15.01326456,36.8536788,2,232.2147217
14.31721763,37.62227041,2,314.9443054
14.57848016,36.92331169,2,304.3979187
14.86013974,37.28015964,2,263.2191467
14.82938339,37.01651792,2,282.43927
14.93635649,36.92400562,2,156.0803928
12.82069708,37.81670812,2,56.23490143
14.79149086,37.04739016,2,88.69036102
13.3348574,37.84884362,2,95.79463959
14.83194906,36.93538414,2,102.0235596
14.70236297,37.04175543,2,151.7327728
14.84849374,36.93219838,2,159.7544804
14.90462846,36.82305841,2,322.7350159
12.55321483,37.84601836,2,29.13598633
13.68128427,37.85143706,2,349.1716003
14.58738375,37.07428825,2,261.8781738
14.47728777,37.23569989,2,259.4306641
14.84827293,36.930846,2,327.0954285
15.05481289,38.07192359,2,323.5156097
14.90503833,36.82349253,2,150.3253422
14.32315639,37.50320704,2,20.84524536
14.75756936,36.99140514,2,34.42631531
14.43696337,36.88817811,2,294.136322
14.0148673,37.15735943,2,20.58840942
14.46948161,36.84921268,2,228.0413818
14.55875209,38.05835291,2,119.6863632
14.9200198,36.94503703,2,259.762085
15.32370162,37.91981101,2,203.0136414
14.69740886,36.8564841,2,295.3135529
14.46782217,37.34157422,2,176.3745883
14.43093117,37.00334752,2,193.6551514
14.7047571,37.2536954,2,196.5715332
13.28389152,37.77220469,2,345.7999725
14.20757901,37.8863538,2,359.090332
14.40359162,36.92944257,2,24.72994995
12.82187633,37.84877525,2,353.1849365
14.82874697,37.01637454,2,327.7172394
14.82462285,37.04477696,2,54.48797607
14.66634272,37.31392998,2,204.8378601
14.75069911,36.95911114,2,26.75576782
14.55353337,36.81138173,2,25.99771118
14.93688765,36.92416617,2,95.56604767
14.18554159,37.08684222,2,224.7975464
14.97750997,36.925461,2,127.7345619
14.47929119,36.96482544,2,284.3151093
14.85825398,36.8094591,2,308.0102844
14.67091833,37.04109201,2,268.4594727
14.54931849,37.04299807,2,180.5657654
12.66962041,37.69321651,2,207.410553
14.7385014,36.7715861,2,24.93463135
14.7024193,37.04183479,2,152.4635906
14.39367543,37.39326581,2,18.72265625
14.9197538,36.94507468,2,263.5900269
14.64164639,36.92238611,2,4.734039307
14.44288291,38.03785376,2,214.3649292
14.66746406,37.07914933,2,60.80294037
14.69806521,36.8569036,2,321.13237
13.32119825,37.80991624,2,230.2020569
14.47301834,36.89658353,2,85.67404175
14.79131403,37.04751155,2,346.0749664
15.05005454,36.77615887,2,292.3799133
13.47845968,37.73262751,2,189.7719727
13.96665287,37.16424016,2,335.6508331
14.55352128,36.8112889,2,167.2887926
14.586905,36.81423383,2,40.07955933
14.79971316,37.23282624,2,301.2375488
14.66577333,36.95798967,2,34.54415894
14.9106004,37.7202934,2,167.4899321
14.58736116,36.81377618,2,40.2999115
14.47693332,37.23576133,2,259.5600586
14.43685056,36.8881321,2,299.3684387
14.7394059,37.32018384,2,264.4588013
13.47689412,37.69682484,2,289.8506927
14.47160036,37.30896738,2,81.43115997
14.29444643,37.0380175,2,244.6511536
13.67533501,37.88937192,2,49.27920532
14.7091621,37.34914617,2,15.38439941
14.63072693,36.96278421,2,124.4919434
14.24506225,37.42859044,2,87.08857727
14.6978447,36.85667837,2,316.2470398
14.83183559,36.93536536,2,103.8560181
14.38343216,37.41352763,2,308.7305603
14.79146967,37.04788746,2,288.4052887
14.6653197,37.27435438,2,94.24575043
14.47406547,37.20080678,2,107.3233948
14.29479476,37.03800082,2,283.4624023
14.91666729,36.94502534,2,312.6300964
14.66714057,37.07927921,2,73.66039276
14.82348212,36.7669211,2,327.0970612
14.7025332,37.04200923,2,153.3474331
14.93679835,37.11969907,2,250.598999
15.05912107,37.37758683,2,221.8617249
14.42745167,37.20313823,2,317.9125519
12.72066052,37.76725271,2,178.3319992
14.75764022,36.99133122,2,41.12098694
14.93623698,36.81202107,2,303.5670929
14.74241389,37.00037357,2,128.5474701
12.78124007,37.88317916,2,100.4511337
13.6107243,37.42060357,2,50.04327393
14.78501104,37.08214484,2,159.1509647
12.85010306,37.7651997,2,351.2670898
15.01346535,36.85358312,2,246.7930298
14.66800845,36.85096882,2,292.0718689
14.84850816,36.93113743,2,66.75003815
12.94020611,37.73743152,2,84.47428131
14.84828896,36.93121516,2,265.6016541
14.18609777,37.08666574,2,263.2394409
14.98863044,36.77269603,2,171.7284441
13.89279118,37.88628427,2,186.7330017
14.33566553,37.34925842,2,346.9714966
14.50427752,37.04374847,2,287.5491333
14.5493328,37.04253071,2,184.2113953
14.35606717,37.60374796,2,346.5329437
14.01482877,37.15746347,2,11.87284851
14.54932694,37.04262196,2,3.937988281
14.63122708,36.96302359,2,123.6180687
14.43107747,37.49337582,2,246.1343384
14.79101923,37.04739541,2,251.6151123
13.90454509,37.18447755,2,148.5147858
12.76283497,37.75179724,2,46.02159119
15.13320841,37.90433381,2,74.12956238
14.84003721,37.03857179,2,352.5118408
14.52206409,36.84049267,2,154.4068336
14.90477895,36.82321045,2,142.643528
14.47658377,37.06059996,2,287.6305847
14.9196245,36.94508233,2,269.5076904
14.56363466,36.93716191,2,63.17706299
14.7053576,37.08019789,2,155.589983
14.4763332,37.06054224,2,287.3995667
14.79162228,37.04743316,2,157.1306419
14.43300024,36.92606949,2,26.8923645
14.54932196,37.04271446,2,4.187606812
12.71958082,37.84744721,2,239.0886841
14.6681064,36.85100288,2,294.7589417
14.93651593,36.92413679,2,106.7511902
14.81904591,36.73438906,2,352.7991791
14.82359157,36.7670521,2,324.5424957
14.17401837,37.09095502,2,326.6651764
14.90455887,36.82298447,2,142.0962257
15.24179036,37.23699228,2,327.9764404
14.67341011,36.88663782,2,297.4713593
13.51635196,38.03814257,2,259.8376465
14.6688967,36.85105065,2,196.7272644
12.47148248,37.70465888,2,345.7008057
14.78492922,37.08164451,2,113.1989365
14.90498059,36.82341933,2,145.5303955
14.82413651,36.71579861,2,310.3558197
15.04957304,36.77596683,2,270.3314209
14.24475885,37.34476188,2,40.23220825
14.82902377,37.01645447,2,284.0280304
14.83224964,36.93545838,2,185.5826721
12.97656919,37.76960007,2,154.0385323
14.7849399,37.08173988,2,184.0243225
14.20277259,37.11778928,2,19.6913147
15.08606938,36.81054311,2,64.86945343
14.41304885,38.03222779,2,123.1057434
14.93665273,36.92415087,2,95.32724762
13.08990615,37.80492429,2,272.9460144
14.58698281,36.81415496,2,218.4241333
13.4466522,37.99310728,2,169.471426
14.47289937,36.8965945,2,80.60613251
14.66653355,37.07928586,2,95.3948288
14.31714361,37.31760091,2,339.0902405
14.66198494,37.00461556,2,31.63879395
14.93688943,37.11966593,2,246.7311096
14.13057047,37.99659823,2,100.4578476
12.58502965,37.75571999,2,244.1403198
15.08596626,36.81058921,2,245.2917175
13.54286253,37.6490874,2,76.92235565
14.5219353,36.84032343,2,195.0054932
14.18587111,37.08670469,2,253.4455872
13.74728614,37.34944878,2,62.62356567
13.95082418,38.02919267,2,284.622818
14.54932063,37.04309722,2,356.5475616
14.71877488,37.00703593,2,133.6518173
14.2950223,37.03805703,2,295.6816864
14.47520155,36.81405691,2,50.4624176
14.32820819,37.04800135,2,222.5498047
14.78495317,37.08195704,2,183.795929
14.74260588,37.00048912,2,305.6380615
14.58721542,36.81391636,2,220.7739868
14.66192738,37.00469185,2,32.96710205
14.84839371,36.93118048,2,246.4026489
15.16555167,37.2744229,2,229.9721985
14.70476876,36.97920902,2,59.01229095
14.97483365,37.58120367,2,100.2186356
14.64163847,36.92248553,2,7.391494751
14.66571702,36.95805019,2,351.9026184
13.84857377,37.18535743,2,59.01290131
14.93889912,37.57846292,2,110.1391144
13.86040314,37.12076889,2,40.19186401
14.40367927,36.92927969,2,203.3771667
14.43709049,36.88821464,2,25.21044922
14.63082184,36.9628308,2,121.6528435
14.43713944,36.96381438,2,243.1921082
14.42126638,37.20566572,2,152.6188049
15.00898542,36.76374199,2,134.2662888
14.64165306,36.92228973,2,184.4259949
14.64160244,36.922647,2,350.8468933
14.93615437,36.8119538,2,60.88071442
14.97720412,36.92528696,2,123.861454
12.5544138,37.76962984,2,344.1862183
14.91685166,36.9451113,2,285.8126526
14.18598249,37.0866812,2,259.1669006
15.01385152,37.64700565,2,276.8667297
15.16859472,37.23741571,2,234.4469604
14.7026269,37.27561559,2,2.133422852
14.17104211,37.80341737,2,1.014068604
14.5219625,36.84024118,2,195.3250122
14.73815133,36.77206285,2,213.5941772
13.77467956,37.18895785,2,350.7106781
14.55581582,37.08009044,2,197.9611206
14.66155827,38.07822583,2,107.9954224
12.62556692,37.65517352,2,131.3185196
14.5044063,37.04387229,2,340.8279877
13.40446498,37.77127857,2,168.7355518
15.08995243,37.65747332,2,101.9852448
14.55322951,36.81148809,2,259.0735474
14.93676369,36.92415767,2,94.96832275
14.97842886,36.84789782,2,169.4196472
14.50432818,37.04378731,2,314.7590332
14.85835197,36.80951292,2,128.5787544
14.29594746,37.04043931,2,145.5940552
15.01318413,36.8537443,2,222.7797241
14.24605825,37.22819759,2,98.75939178
15.17643978,38.15393612,2,352.1101379
13.84821337,37.18548006,2,83.35514069
14.29587824,37.04035432,2,147.0030327
14.35769837,37.04515824,2,309.1443329
14.20265046,37.11805967,2,198.4703369
14.66725685,37.07923894,2,64.22216797
14.69798316,36.8568225,2,324.1555328
14.35799162,37.04534322,2,306.9349976
14.78544322,37.08193663,2,119.5179291
14.76218685,37.18552752,2,94.80776978
14.35826916,37.04551112,2,308.1617889
14.40957359,36.96754252,2,12.30340576
14.81915598,36.73495453,2,322.8019714
12.72446791,37.56891097,2,48.0643158
14.8993216,36.77910662,2,106.5569
14.19511336,37.63042111,2,172.3827162
14.29776471,37.45141622,2,97.83052826
13.41169322,37.95396822,2,288.490387
14.66469249,37.23372418,2,180.1047668
14.7913435,37.04758881,2,6.588104248
14.97730779,36.92534269,2,125.8437119
14.82400764,36.76737159,2,303.2397919
15.08643029,36.81029153,2,214.4208984
14.24567695,37.81139235,2,106.7006226
14.09955591,38.00290242,2,78.70368195
14.2054799,37.46457127,2,69.27365112
14.93617549,36.92387986,2,103.8002777
14.46955883,36.84915326,2,204.5792542
14.85800101,36.80925827,2,147.9881897
14.66868567,36.85115462,2,251.5100708
14.43708196,36.88822984,2,24.5448761
14.82294172,37.66131373,2,25.30722046
14.29467149,37.0379819,2,277.3974304
14.55585218,37.08018895,2,141.5077171
14.89888608,36.77901887,2,283.4026489
12.56525755,37.7468347,2,337.3467712
14.18575459,37.0867414,2,249.2204895
13.71319386,37.19123012,2,156.934845
14.93421477,37.31192486,2,192.4744263
14.01236966,37.8533043,2,36.09773254
14.64165973,36.92220347,2,5.077453613
14.48579339,36.99997316,2,107.1265717
14.95329747,37.9742463,2,135.7511673
14.55408731,37.50319039,2,180.5094299
14.23289706,37.89129686,2,337.8536224
14.47613897,38.03234352,2,126.8966331
14.17119285,37.71212264,2,234.6588135
14.70564218,38.07572286,2,187.5435791
14.50242209,37.12835338,2,334.9231415
14.25645003,37.16790703,2,205.2468262
14.48611782,37.00007794,2,112.3368759
14.90491519,36.82334864,2,142.9913673
14.18589292,37.08708617,2,107.0506592
14.17878083,38.00852228,2,59.55138397
14.24597015,37.07985232,2,297.0355225
14.47655596,37.23582243,2,260.2255249
15.17059156,37.81141743,2,133.077446
14.54933983,37.04235129,2,3.198303223
14.32203844,37.57962117,2,144.7060051
14.66221891,37.00429032,2,31.49084473
14.31096448,37.12373811,2,49.84437561
15.01402173,36.85349489,2,263.2354126
14.47669617,37.06062897,2,108.3273163
14.74224406,37.34555218,2,199.95224
12.79052015,37.69475623,2,41.89518738
14.47323897,36.89654213,2,249.2559509
13.84846832,37.18540987,2,59.82933807
15.00860729,36.7634824,2,130.7198257
13.3833311,37.69637304,2,127.3817635
14.18138952,37.38176996,2,149.0148411
14.91719865,36.94495454,2,289.1927338
14.63008412,37.19697338,2,308.0594788
13.36212404,37.77079839,2,27.05444336
14.74221958,37.00025175,2,128.7708473
14.76206267,37.18552049,2,94.12493896
14.66591052,36.95773973,2,203.9578247
14.43280206,36.92641016,2,204.8190308
13.55437473,37.88652376,2,166.4695692
14.84860169,36.93244929,2,342.4828186
14.59058803,37.19608081,2,130.6128578
14.75087144,36.95895963,2,36.00350952
13.45950888,38.03843636,2,342.3034058
14.97761052,36.92552371,2,128.5022163
15.08663261,36.81005121,2,213.8935547
12.89471198,37.7353122,2,13.28840637
13.57078564,37.27613939,2,224.2894287
13.4804756,37.94979265,2,221.8500366
14.74267763,37.51372934,2,280.3284302
14.96775818,37.50329577,2,280.0166016
14.66209872,37.00445523,2,29.33963013
14.63111776,36.96296821,2,123.3746147
14.91696385,36.94511466,2,81.61120605
14.21739804,37.86990574,2,53.14421082
14.79933535,37.23264771,2,301.5374756
14.6632211,37.42067677,2,135.4199486
14.57873552,36.92360685,2,338.8911743
14.01478821,37.15768168,2,7.16696167
14.81902195,36.734179,2,359.4172363
14.8314423,36.93514984,2,150.9042683
14.97750542,37.31110684,2,341.6264496
14.83061857,37.0168384,2,303.7689972
14.6702169,37.39298187,2,252.4555664
14.56329548,38.05984392,2,294.5549927
14.40912747,37.19303059,2,334.2372131
12.64284605,37.69543483,2,322.336853
13.69009207,37.6254686,2,358.978302
14.52405612,36.88130412,2,275.6971741
14.55344954,36.8114549,2,67.63355255
14.74246373,36.85318707,2,233.7510681
14.79128447,37.04767545,2,65.95360565
14.78533299,37.08189249,2,295.88591
14.90509357,36.82358532,2,337.3622742
14.74244388,36.85318981,2,256.2983398
14.70230539,37.04167598,2,151.3719501
14.48402082,37.1358019,2,246.2526245
14.84863839,36.93254137,2,325.5170593
14.35817461,37.04545201,2,308.0873413
12.78710441,37.61810848,2,352.2486725
13.2495827,37.80269045,2,103.3041534
14.5534579,36.81111013,2,343.7896118
14.70264951,37.0421945,2,157.362484
14.64232038,37.41226224,2,153.1421738
14.43102275,37.00307331,2,196.6516418
14.66587066,36.95782386,2,202.6156616
14.57866421,36.92344368,2,337.8084259
14.55349301,36.81119719,2,340.3568268
12.64267178,37.89381646,2,18.45225525
14.431117,37.00281682,2,198.1820374
14.63143592,36.96312674,2,121.2567368
14.67100125,37.04112501,2,99.84047699
14.70560792,36.97896556,2,274.6525269
14.32734335,37.39003225,2,206.0008545
14.97688196,36.92514534,2,113.6597824
13.68110907,37.50665937,2,86.78518677
14.63153465,36.96316956,2,118.6903038
14.66582876,36.95790391,2,26.28419495
14.66666469,37.07929499,2,94.77965546
14.66834181,36.8510952,2,301.196106
13.93905435,37.92469263,2,183.9060364
14.78616351,37.12022572,2,40.50395203
14.70507773,36.97907221,2,222.4780273
13.59112392,37.73401709,2,188.3505554
14.84853017,36.93227814,2,163.4435596
13.36633982,37.80163617,2,158.3104782
13.24336134,37.91299451,2,198.4825745
14.63173167,36.89035568,2,88.76797485
14.82353528,36.76698792,2,326.2176056
14.78495958,37.08179039,2,235.6676636
14.90932664,37.26420008,2,110.7914886
14.54931831,37.04280552,2,2.987442017
15.08649782,36.81021125,2,215.813385
14.62957082,37.19671092,2,305.015564
14.85851774,36.80961943,2,311.6890259
14.66702011,37.07929855,2,86.85704803
13.43148901,37.96511111,2,111.9263229
14.79911088,37.23254411,2,300.1824951
14.85843641,36.80956501,2,128.1152267
14.43095782,37.00326021,2,195.0209656
14.75066092,36.95935854,2,2.383789063
14.20295174,37.11744974,2,25.50030518
14.43757889,37.57957484,2,246.4840088
14.47530232,36.81422067,2,344.3281708
14.29601331,37.04051124,2,145.0979233
12.70145983,37.56437162,2,94.08700562
14.63183609,36.89034733,2,84.97612
14.71849437,37.00684253,2,312.4072266
14.84808882,36.93128629,2,178.2307702
14.66845978,36.85114475,2,294.796051
14.53560263,37.36989523,2,9.427597046
14.47537375,36.81439547,2,159.9879074
14.91914401,36.94504824,2,276.1812134
14.82913305,37.01647422,2,284.774292
14.17395622,37.09087956,2,145.0115013
14.47533492,36.81431332,2,339.8504333
14.02192249,37.27793699,2,341.163147
14.52199725,36.84013378,2,195.228302
12.87189009,37.84996109,2,86.11397552
14.7849716,37.08177822,2,263.7285156
14.12885001,37.09986537,2,59.71810913
14.40009198,37.08436906,2,290.0617981
14.83150295,36.93522372,2,315.6715698
14.79120514,37.04783749,2,273.5626221
14.39707323,37.15636409,2,326.0463562
13.74395019,37.84888425,2,298.9376526
14.84836538,36.93090772,2,115.2347336
13.35858156,37.81458314,2,68.88497925
13.20958738,37.89130794,2,265.755249
15.0499526,36.77612333,2,295.6119843
14.89848202,37.23441354,2,63.05873108
14.35808138,37.04539578,2,307.0966949
14.67090436,37.04110827,2,139.3124619
14.75066057,36.9592665,2,185.5901794
14.71595665,38.00677135,2,215.0899048
14.88505098,36.91475976,2,226.1721497
15.01335658,36.85362795,2,241.4220886
14.83071271,37.01689349,2,311.5358734
14.82925319,37.01649635,2,283.2902222
14.33264677,37.86168623,2,90.22483063
13.54995535,38.00331801,2,189.9399719
12.94615355,37.81036931,2,358.394043
13.55536236,37.38793197,2,34.33041382
14.67112314,37.04114485,2,285.3244629
14.7382714,36.77191485,2,214.1517334
14.28442666,37.15176017,2,281.9699707
14.46915776,36.84935916,2,111.8694534
14.44882597,37.22203678,2,310.2419434
14.43098731,37.00317311,2,196.6498718
13.55863194,37.81411393,2,73.09607697
14.9886702,36.77289287,2,172.2272592
14.63323246,37.00913181,2,144.5143013
14.25120388,37.67249946,2,257.2295532
14.47668471,37.23580194,2,260.5874329
15.01564764,37.3088137,2,139.9412575
14.48589869,37.00000406,2,111.0791855
14.69752729,36.85652567,2,295.8751831
13.63095916,38.00060967,2,335.5986328
14.81911163,36.73476926,2,353.798172
14.83168455,37.01817271,2,335.7658691
14.78633357,37.65655212,2,316.1387329
14.29435769,37.03807491,2,228.1607666
14.93702044,36.92417635,2,96.91168976
15.04972394,36.77601358,2,304.7460022
13.503966,37.77813718,2,148.2789116
14.20285817,37.11761218,2,25.42927551
14.73821141,36.77198836,2,214.446991
15.39868096,38.00472842,2,38.11302185
14.36209027,37.07854116,2,31.9868927
14.47351068,36.92988394,2,284.8481445
14.57857877,36.92336723,2,311.6197815
14.47681026,37.23578168,2,259.9950562
14.84770528,37.20350764,2,165.6548624
14.75067,36.95918244,2,192.5924683
14.78742079,36.88378633,2,31.30967712
14.6622779,37.00421378,2,32.19477844
14.73839316,36.77175537,2,32.15934753
14.70247011,37.04191093,2,153.3410454
14.57870174,36.92352627,2,344.3967743
13.12237826,37.82441258,2,300.2642517
14.78884074,38.04164488,2,317.4111328
14.35790568,37.04529051,2,308.6719818
13.17712803,37.92148938,2,186.3233032
13.74666365,37.18955595,2,69.51403809
14.27448779,37.42139209,2,47.06155396
14.64158163,36.92263436,2,328.4475403
14.84817807,36.93121179,2,79.73728943
14.89490571,37.30811176,2,55.59500885
12.97088761,37.80191653,2,257.0867615
14.78508565,37.08181274,2,298.4278259
14.58728869,36.81384385,2,41.2762146
14.29615753,37.04067442,2,145.6172523
14.01488342,37.15812337,2,349.0108643
14.29455106,37.03798807,2,260.6704712
14.83379861,37.23708725,2,262.5258179
14.62977557,37.1968134,2,304.5184021
12.86354,37.73728393,2,136.9884529
13.20987338,37.92512179,2,294.5830231
14.29489992,37.0380214,2,288.0271301
14.95729499,37.25148136,2,271.6817017
13.24610351,37.77934275,2,66.74862671
14.80007272,37.23299566,2,301.3886719
12.55789907,37.78635525,2,89.62438202
14.98859406,36.77249337,2,354.1200867
14.78712465,36.76962352,2,299.9028931
14.8320505,36.93540036,2,102.2151566
14.66829866,36.85107603,2,299.6153259
14.63338181,37.00928628,2,144.63237
14.81906105,36.7344934,2,352.2165833
14.78494693,37.08187175,2,176.2206426
12.73171997,37.77567606,2,163.043396
14.742319,37.00031895,2,309.0394592
13.8635245,37.42746146,2,242.647583
14.3846543,37.27429394,2,22.32658386
14.67137448,37.04115601,2,268.0444641
14.47835972,37.04299951,2,12.18034363
12.82663656,37.7335272,2,338.3995667
15.1345364,37.30663526,2,14.21749878
14.47918554,36.96480322,2,285.0370178
14.56333735,38.05985603,2,276.7681885
14.79165745,37.04733152,2,9.687606812
14.75771696,36.99125472,2,222.0432739
14.81902943,36.73428327,2,355.2873688
14.28005219,37.78478173,2,305.5088806
14.63310491,37.00898968,2,171.8386583
14.70603151,37.15802391,2,240.2930603
12.47561912,37.69964338,2,214.5222168
13.91432483,37.720731,2,309.9276428
13.78690966,37.96256105,2,55.68190765
13.59661863,37.92597225,2,205.056366
14.74251429,37.00043632,2,307.1180725
14.05457802,37.77440347,2,57.2213974
14.05367861,37.66361718,2,25.65179443
14.63316531,37.00906245,2,143.1570625
14.66629459,37.31401486,2,205.6959534
14.75786963,36.99111897,2,62.57814026
14.51524667,37.19843428,2,249.276001
15.03419951,36.72942364,2,276.3251953
14.83051232,37.01679174,2,295.9517517
12.70713128,37.7190909,2,259.2454834
14.66880924,36.85111869,2,247.7217407
13.84940673,37.18517548,2,75.04706573
15.16477193,37.84563292,2,100.6934128
14.3578058,37.43301894,2,2.248718262
14.78500632,38.11654906,2,319.5101318
14.3285233,37.72091323,2,325.1295624
14.43284994,36.9263276,2,204.5991821
13.33320671,37.9810578,2,355.572464
14.97839953,36.84778141,2,169.6785002
14.79131403,37.04730655,2,129.5154457
14.28072472,37.78548363,2,44.5280304
14.43321698,36.92570933,2,205.1933594
14.83139875,36.93506216,2,165.8185453
14.41210553,37.8290078,2,161.8184662
13.97680519,37.27161821,2,124.6100693
14.74443568,37.11290435,2,215.5713196
13.17900707,37.84186076,2,122.4904594
12.66939475,37.6935831,2,208.5012207
12.47142072,37.70447008,2,348.9955444
14.70262326,37.27572621,2,1.663314819
14.47182426,37.30895134,2,86.2899704
13.99587909,37.93273492,2,96.06648254
14.32758621,37.38967552,2,209.1470947
13.24249877,37.64870355,2,275.6312256
14.471502,37.30898481,2,70.71975708
13.54803508,37.36209988,2,336.2290192
13.65765651,37.4040996,2,104.1576233
12.64268195,37.89380333,2,29.46330261
14.34343884,37.55788899,2,297.7670898
14.55280315,37.46039582,2,280.724762
13.59609672,37.42575148,2,189.5461731
13.55523331,37.38801131,2,61.11364746
14.18957778,37.96956956,2,326.8046722
13.73251418,37.24774453,2,232.0674744
13.34704552,37.68770471,2,302.8029938
14.92646356,37.23244748,2,64.93515015
12.58475433,37.75581958,2,247.708374
13.63123118,37.80973127,2,152.0990467
14.96377216,37.27651611,2,210.9803772
14.55409434,37.5034567,2,178.5871018
14.32741055,37.39035412,2,104.4571686
12.58519832,37.75565045,2,241.592865
13.74735668,37.3493097,2,174.5499659
14.48059774,37.27599399,2,218.9100342
15.16831029,37.23759292,2,230.4057312
12.4714502,37.70456423,2,345.0356903
14.92673714,37.23227504,2,36.43673706
14.50025234,37.26244158,2,206.0125732
12.47159902,37.70506006,2,351.0817566
13.86378735,37.42735105,2,243.238739
13.96674017,37.16438878,2,334.4281921
12.49392208,37.6836532,2,333.3284912
14.39419237,37.27623225,2,140.0911369
12.85699374,37.65866971,2,346.6812286
14.77782138,38.00534136,2,341.5946198
14.5024723,37.12862056,2,29.70683289
13.9249171,37.73964522,2,322.2893372
12.60374702,37.87266781,2,69.53636169
14.39374772,37.27585758,2,131.2448959
14.55408785,37.5032774,2,180.330658
14.3830394,37.41332277,2,118.7635384
14.55305891,37.46043248,2,280.7164917
14.32257917,37.54018868,2,136.3381691
14.92658787,37.23240108,2,61.73219299
15.04891014,37.11853674,2,123.0846977
14.96362001,37.2765753,2,270.8652954
14.50037871,37.2622147,2,206.0141296
14.6706226,37.39289968,2,264.4553528
14.18159099,37.38201062,2,146.9208374
14.34333355,37.55784767,2,295.4019318
14.18931236,37.96943567,2,303.6466675
12.64269526,37.89412639,2,353.2966309
14.6275927,37.23436587,2,357.7716522
13.55029587,37.69392577,2,155.2044697
14.74360672,37.27603545,2,127.4455986
14.62368624,37.39229926,2,96.43834686
14.67051139,37.39291261,2,82.71839142
13.4548829,37.65617586,2,87.45848846
12.46885,37.72612066,2,247.3343811
12.86771182,37.8089605,2,23.99855042
12.64307622,37.8936504,2,56.00749207
14.66991414,37.39312643,2,47.2437439
14.70261293,37.27592235,2,8.763244629
14.92667948,37.23234099,2,41.2379303
14.62308705,37.39224898,2,97.11400604
15.19829723,37.65474913,2,351.6578522
14.70040161,37.38783829,2,310.3007355
12.66954566,37.69333892,2,207.7209473
12.47140349,37.70425391,2,8.863464355
14.62400928,37.39232664,2,96.20103455
14.67033478,37.39295087,2,71.78567505
13.93885465,37.92439055,2,332.2830048
13.90344603,37.66196248,2,162.7242908
14.95325451,37.97454453,2,223.1828308
12.86765871,37.80905618,2,29.83946228
13.995386,37.93269181,2,271.8504028
12.85680107,37.658148,2,343.6153107
14.92684907,37.23203406,2,7.629394531
14.7026221,37.27582349,2,2.809570313
13.90345568,37.66183909,2,210.7783508
14.48053865,37.27606122,2,215.1890869
14.55408785,37.50302136,2,183.0903931
13.63110171,37.80956421,2,147.0070724
14.18165749,37.38208048,2,141.9908333
12.47544746,37.69989168,2,205.0142212
14.62299366,37.39224071,2,97.23941803
14.3440481,37.5582662,2,318.4228973
14.69348469,37.31839576,2,49.40036011
13.93903169,37.92453369,2,252.5238342
14.55410252,37.5027963,2,186.6264343
12.86742687,37.80929675,2,42.38267517
14.93416709,37.31223713,2,180.2770691
14.18924231,37.96981936,2,270.1761169
14.4803939,37.27621264,2,221.6672974
13.24925944,37.80259571,2,113.5605011
12.5543667,37.76956829,2,304.8777771
13.17878221,37.84175479,2,306.8527985
15.16880169,37.23729434,2,234.8714294
13.63157227,37.81024406,2,155.9711666
12.48540344,37.69133031,2,240.9798279
15.01544586,37.30863199,2,138.6119919
12.64217711,37.89381688,2,272.5151978
12.58543187,37.75553766,2,238.3693237
14.49998707,37.26290561,2,205.5019836
14.67044288,37.3929219,2,75.22173309
14.17108538,37.71218865,2,233.6221313
14.7003169,37.38778353,2,310.5510712
14.70263135,37.27544632,2,0.578933716
12.60447311,37.87244214,2,69.11536407
13.92457208,37.73943233,2,306.1833801
15.16840016,37.23753354,2,232.457428
14.18959286,37.9697511,2,232.7022705
14.32750739,37.39034434,2,72.592659
12.86726728,37.80945266,2,39.23188782
12.47556277,37.6997158,2,210.9919434
14.3220925,37.47364877,2,80.88559723
14.51567372,37.19828998,2,286.7380371
13.24214366,37.64865229,2,286.2724915
13.813092,37.81415114,2,143.8927078
14.38313975,37.41336183,2,119.4046135
14.66283383,37.42037103,2,135.9923973
12.64298939,37.89370213,2,238.980835
12.55449828,37.76983961,2,341.8262634
12.60430398,37.87249544,2,68.82806396
12.48521759,37.69145456,2,222.2601624
14.50248883,37.12852776,2,358.4606171
14.93866348,37.38317169,2,357.7982483
14.77797682,38.00563407,2,154.6765003
14.38471113,37.27470382,2,310.4681702
13.92515998,37.74012441,2,345.8329468
14.38513142,37.27433332,2,104.4872208
14.32281271,37.4736942,2,98.7064209
13.45499615,37.65616994,2,268.4472046
14.18950897,37.96952271,2,305.9499054
12.48494863,37.69162592,2,234.3762207
14.34354129,37.55793248,2,299.9651794
13.32110283,37.80993394,2,264.8868713
14.39722083,37.15655199,2,331.41362
14.34389283,37.5581487,2,310.9302368
14.69340345,37.31845369,2,48.96543884
12.60390108,37.87262036,2,69.48260498
13.55539528,37.38800232,2,154.1059799
13.34715276,37.68773019,2,98.78783417
12.55445048,37.76972427,2,342.0059814
14.32316083,37.54044519,2,103.4674301
14.70022444,37.38772273,2,312.5929871
14.62761378,37.23478125,2,182.4507446
14.39812462,37.47871447,2,263.920929
14.42121148,37.20541739,2,171.0775547
14.55339949,37.46048114,2,280.0888672
14.48047308,37.27613589,2,219.7902832
13.62926071,37.69557542,2,202.8842773
14.38336414,37.41344499,2,107.8029099
14.7094952,37.34888854,2,46.66455078
12.58550508,37.7555007,2,237.9553223
13.24981297,37.80269373,2,83.45415497
14.70262851,37.27526766,2,359.6742859
13.17847005,37.84135312,2,349.4759674
13.59608126,37.42583366,2,8.358139038
14.66122127,38.07816588,2,102.8235626
14.6929831,37.31872878,2,55.19927216
13.45476066,37.65617861,2,270.7854309
14.24477109,37.34474776,2,37.34753418
14.70262984,37.27535792,2,359.7076416
12.48532653,37.69170129,2,326.7371674
13.9664711,37.16395237,2,335.4033051
15.16869709,37.23735557,2,234.4888611
14.66109317,38.07814297,2,287.9015808
13.24993915,37.80267719,2,79.24131775
14.47193666,37.30894335,2,86.00534058
14.47205243,37.30893518,2,85.70870972
14.74344436,37.27592201,2,144.6009636
13.93954015,37.92449654,2,287.271637
14.02200009,37.27813367,2,164.2945986
14.32180748,37.47373526,2,61.46542358
14.39365217,37.27579984,2,125.4857368
14.17131051,37.71205157,2,55.73108673
14.6937285,37.31822905,2,50.77529907
12.60359908,37.87271316,2,69.54747009
13.24914373,37.80255683,2,113.6363754
12.60345439,37.8727572,2,69.43225098
12.48525881,37.69162721,2,322.4181976
14.32760379,37.39029493,2,50.07691956
14.62757553,37.23428744,2,347.7878571
14.69364557,37.31828481,2,50.37519836
14.38459738,37.2746492,2,296.2462769
14.50205692,37.12813036,2,299.2570496
13.62911923,37.69582309,2,203.8609009
14.69356477,37.31833965,2,49.79367065
14.67073159,37.3928907,2,80.05801392
12.46875115,37.7261544,2,246.4089355
13.92509767,37.73995746,2,345.2958984
14.39836813,37.4786976,2,85.55440521
14.17162927,37.71189517,2,62.35522461
13.55529501,37.38796517,2,237.0820923
14.32746043,37.38985574,2,209.0803833
14.32259755,37.47367415,2,99.7301712
14.66783861,37.47340991,2,177.8053436
15.01558085,37.30875277,2,139.9830742
14.62304542,37.39240825,2,173.7339001
14.43729996,37.57966105,2,67.47226715
13.45511884,37.65617248,2,277.6604004
14.69323955,37.31856719,2,50.35623169
14.43060287,37.49350733,2,259.1245117
14.43127236,37.49329629,2,239.1630249
14.38487088,37.27428309,2,109.0125122
14.55410305,37.50363987,2,176.1942663
14.70601763,37.15802166,2,2.534088135
14.50246519,37.12843972,2,346.3262329
14.32194471,37.4736827,2,69.88191223
14.43136509,37.49324818,2,235.4448242
14.69993808,37.38741897,2,331.5051117
13.92502402,37.73978789,2,340.0969849
13.38304488,37.69631409,2,96.95497131
14.95331227,37.97446252,2,25.86395264
15.16849503,37.23747502,2,233.9786377
14.69988674,37.38725008,2,1.882598877
14.66314263,37.42061492,2,135.4518356
14.70923534,37.3491037,2,221.5926819
12.49406488,37.68329749,2,97.81716919
14.7046577,37.2538983,2,208.6070557
14.66999839,37.39306737,2,51.30895996
13.24238404,37.64869283,2,278.3220825
14.70259923,37.27601371,2,12.2191925
12.58493919,37.75575547,2,245.5059509
12.85672497,37.65795778,2,163.8415775
13.96682826,37.16453225,2,333.067337
14.18152333,37.38193067,2,148.1076832
13.8631047,37.42764938,2,238.0792847
14.39679855,37.15609419,2,318.5665283
13.17859678,37.84158777,2,329.4663696
13.17888782,37.84181253,2,304.0653381
13.81316107,37.81421723,2,137.8170853
14.02187954,37.27785708,2,158.5675049
13.62915862,37.69574344,2,203.1758118
12.85692913,37.65847846,2,344.1985474
12.47540687,37.69997057,2,202.2178955
14.47171453,37.3089586,2,85.52877045
13.55552592,37.3876592,2,151.0431652
12.60414142,37.87254652,2,69.2423172
12.47157461,37.70495706,2,349.2860413
14.61078191,37.27842212,2,330.8006744
14.89858822,37.23436454,2,59.85961151
12.4942853,37.68350415,2,246.9509888
13.62920366,37.69566264,2,204.8363037
13.5961255,37.4262053,2,168.0134611
13.93926707,37.92449355,2,262.0606995
14.32249174,37.54012664,2,323.7486725
13.86324616,37.42758363,2,242.2390747
12.64239518,37.89381674,2,267.9356689
14.77779912,38.00524659,2,8.590087891
14.6629889,37.42049385,2,135.6097641
12.58511468,37.75568582,2,242.8981018
15.01530239,37.30850624,2,138.8064232
12.6426681,37.89392914,2,354.7497406
14.70941003,37.3489567,2,225.2750549
12.47578841,37.69948225,2,224.2420654
14.38325216,37.41340921,2,302.0175629
13.86365809,37.4274056,2,242.8330078
12.49448271,37.68341427,2,205.437439
13.46457809,37.65969709,2,232.8976746
13.99576148,37.93271995,2,101.537323
12.49403207,37.6837874,2,324.4722595
14.43719824,37.57971717,2,248.0218811
15.04910706,37.11864257,2,125.5678215
12.494265,37.6833963,2,114.3749466
12.64288574,37.89374995,2,242.6474915
14.42124772,37.20559264,2,171.0146341
14.43739101,37.57964765,2,246.3610229
14.42119052,37.20532244,2,171.3901167
13.90359701,37.66168018,2,218.2713318
14.51535119,37.19839829,2,245.1549377
13.67524967,37.88945291,2,36.1638031
14.39427842,37.276309,2,139.8125496
14.47130617,37.30912111,2,24.76235962
14.47138382,37.3090377,2,46.60235596
15.01584424,37.30899671,2,140.4274635
14.74332723,37.275603,2,178.6027656
13.9248416,37.73958436,2,313.9679108
14.32249325,37.47366205,2,100.0197067
14.93418786,37.31204329,2,189.588501
14.55329157,37.46046549,2,280.3482666
13.73263659,37.24765671,2,227.1549683
13.92506262,37.73987075,2,344.0735168
13.70956661,37.77579251,2,176.5302093
15.2165838,37.7069558,2,352.6789398
14.66145071,38.07820537,2,286.744278
14.62749148,37.23413436,2,152.5999737
14.43767882,37.57951974,2,66.32854462
12.64228908,37.89381681,2,270.0671082
12.60422278,37.87252081,2,69.01564789
14.627616,37.23468664,2,359.4403687
12.49408807,37.68359561,2,224.4902649
14.55408998,37.50336874,2,179.5321147
15.01551398,37.3086917,2,139.4648056
12.66977351,37.69296731,2,207.9025269
14.89889597,37.2342417,2,74.81349945
14.66982846,37.39319061,2,49.60940552
14.02196678,37.27803811,2,343.8214874
14.69990409,37.38714906,2,9.823181152
14.62759608,37.23441149,2,359.8829193
14.51490395,37.19855822,2,246.2185059
14.47126627,37.30921029,2,21.17193604
14.62378755,37.39230741,2,96.21844482
12.70956108,37.6640943,2,333.7935181
14.39689651,37.15618147,2,319.2622528
14.70453908,37.25405369,2,215.5769348
14.55409576,37.50355069,2,178.1468046
14.70014266,37.38765875,2,319.0007324
13.90351771,37.66176533,2,218.6907959
14.62760515,37.23459974,2,177.0741959
13.92466236,37.73948092,2,304.6827698
14.43072643,37.49348193,2,254.0934448
14.51501452,37.19851707,2,246.783783
13.59612426,37.42562208,2,190.3280334
12.8568877,37.65836868,2,342.9891357
12.49388682,37.68355486,2,352.8070831
12.58456368,37.75588312,2,248.3676147
14.34363512,37.55797704,2,304.9428711
14.62301331,37.3923141,2,149.0968609
14.95332296,37.97427785,2,153.178812
14.51478708,37.19860376,2,244.8721619
12.46897213,37.726077,2,244.6279907
14.43118042,37.49333704,2,243.9707947
14.32752434,37.38976459,2,208.7583313
12.47593206,37.69936317,2,225.1274109
14.4315495,37.4931336,2,231.949585
14.24623106,37.22821615,2,276.6565552
12.70943511,37.66389602,2,333.4856415
12.66981663,37.69290767,2,27.77836609
14.32768838,37.39023413,2,48.26544189
12.86734787,37.80937036,2,40.36509705
12.49417907,37.68354183,2,243.5915833
14.42122996,37.20550545,2,172.6324577
12.48530684,37.69138836,2,230.5092163
14.3229486,37.54038827,2,291.8805237
14.39801583,37.47872612,2,259.4395142
14.3273975,37.38994637,2,207.9359131
12.47569917,37.69955843,2,221.8537598
14.77786972,38.00543461,2,339.3558807
13.25006182,37.80265412,2,75.69102478
14.34397548,37.55820787,2,314.0150909
13.65740157,37.40403824,2,111.7806168
14.32270708,37.47368521,2,98.96883392
14.92686136,37.23194525,2,6.751541138
14.55252347,37.46035594,2,280.7527161
15.01577906,37.30893534,2,140.2832108
14.39383954,37.27592442,2,135.9168396
14.66134538,38.07818455,2,282.868103
14.39392853,37.27599768,2,138.4518166
14.02203835,37.27822679,2,163.402401
12.48484521,37.69169684,2,228.1897583
13.5781947,37.76116553,2,234.9763184
14.74335277,37.27542021,2,193.7537842
12.47151424,37.70475486,2,346.0807037
15.21657103,37.70685783,2,354.6193542
14.67009928,37.39301618,2,246.6994934
14.51544877,37.19835811,2,243.9320068
15.21655443,37.70676227,2,349.918808
14.9638654,37.27629697,2,184.3306274
14.32329885,37.54047757,2,285.7612305
14.17098332,37.71224923,2,52.83875275
14.17153378,37.71194255,2,241.8500061
13.6572741,37.40399888,2,112.3559189
13.81301904,37.8140759,2,329.1409454
12.7094984,37.66399593,2,333.8194275
14.92680157,37.23219336,2,27.87889099
13.73272869,37.24758424,2,226.6478882
14.74340734,37.27524236,2,193.3043213
14.4314565,37.49319338,2,232.5158997
13.34753664,37.68766229,2,267.9975586
13.9388828,37.92450354,2,28.91020203
15.01537462,37.30856981,2,138.57267
13.24227098,37.64867554,2,283.3829041
12.48467066,37.69183379,2,225.3041077
14.32731592,37.39031244,2,143.0502739
15.04902492,37.1185969,2,124.8410416
12.85676429,37.6580587,2,162.893734
14.53559685,37.3699883,2,7.099258423
13.63140173,37.80998719,2,152.3739471
14.32305272,37.54042212,2,285.6154785
14.7433307,37.27551055,2,189.3276978
12.66969543,37.6930928,2,207.5863037
14.9638293,37.27641185,2,199.5448303
13.46507901,37.65938505,2,231.6210938
14.39698984,37.15626852,2,322.0197144
13.92475397,37.73953149,2,308.8395233
14.6275396,37.23421066,2,157.1654625
13.38279294,37.69625477,2,120.3250809
13.34694867,37.68755949,2,179.4390872
12.64277193,37.89376201,2,70.04846191
14.32276149,37.54030443,2,124.2095947
14.70262637,37.27517143,2,359.1798859
14.4309643,37.49341507,2,248.4070435
14.48070082,37.27593656,2,312.1811371
14.39436207,37.27638308,2,139.2141495
14.50235383,37.128785,2,29.50727844
13.55035907,37.69400206,2,326.7648773
14.6235861,37.39229129,2,96.84351349
14.1896301,37.96965187,2,350.6314087
14.70471599,37.25379944,2,201.22229
12.55453856,37.76993198,2,341.5915985
14.50241391,37.12869871,2,31.28450012
13.86391457,37.42729786,2,243.9677124
14.18941851,37.96948199,2,297.9441528
15.16822488,37.23765404,2,227.0663452
12.475499,37.69980819,2,208.7274475
14.34380521,37.5580888,2,311.1835938
12.60406066,37.8725716,2,69.36581421
13.55558241,37.38774369,2,173.9343171
14.43706722,37.57976349,2,247.5656433
14.6108358,37.27849597,2,330.1270599
13.24969479,37.8027002,2,92.36361694
14.32727039,37.39021482,2,183.0231018
14.32777963,37.39018368,2,62.30764771
13.34731077,37.68770616,2,70.46348572
14.69307021,37.31867657,2,52.96855164
14.89878789,37.23427361,2,65.46012878
15.04922755,37.11871223,2,127.2812347
14.95315139,37.97459788,2,242.834137
12.86755969,37.80918269,2,37.59513855
13.99563865,37.93270585,2,277.8109436
14.32730075,37.39010968,2,201.5193481
12.49397834,37.68372676,2,324.9848022
14.9951613,37.36457978,2,176.2772043
14.42116325,37.20522954,2,164.3397341
14.39729223,37.156652,2,332.2402954
15.16902436,37.23717052,2,235.4751587
13.46516431,37.65933084,2,232.1373901
13.46478722,37.65956475,2,233.7438049
13.55049941,37.69414162,2,317.3922729
14.17087488,37.71231965,2,52.39704132
14.39714898,37.15645612,2,329.7590942
14.69989902,37.38733059,2,349.9687347
13.96656158,37.16409331,2,335.2115936
14.38499973,37.2743101,2,104.7980804
14.62332826,37.39226927,2,96.42797089
15.01571397,37.30887468,2,140.1091423
12.66985195,37.69284194,2,207.8790283
14.92687322,37.23184277,2,5.280426025
14.50227767,37.12823432,2,307.4796143
12.48474547,37.69177424,2,225.9257813
13.6311728,37.80964898,2,148.1909924
13.46498957,37.65944293,2,231.8798218
12.58534833,37.75557757,2,238.5409546
14.51554796,37.1983155,2,245.3304138
13.86338816,37.42752213,2,242.0926819
12.85669504,37.65787859,2,343.8504028
14.77792839,38.00555032,2,338.3232422
14.51575994,37.19834532,2,341.0250092
14.95318285,37.97418646,2,82.89722443
14.70006097,37.38758949,2,319.7367401
12.64268273,37.89404087,2,354.1098938
14.66306674,37.42055506,2,135.5257835
14.62289609,37.39223528,2,109.4267502
13.73281125,37.24752099,2,225.9689331
13.54807206,37.36218252,2,348.1355438
12.49439704,37.68346093,2,241.0391235
14.62305636,37.39252382,2,176.3398142
14.93417137,37.31214626,2,185.8365479
12.64271121,37.89422086,2,352.8207397
14.7433574,37.2757602,2,166.8174438
14.69315626,37.31862163,2,51.3999176
14.50236601,37.12829228,2,318.2907104
14.43745337,37.57962302,2,246.3564453
12.60438859,37.87246859,2,69.02615356
14.92704655,37.82919723,2,285.6263428
14.62390077,37.39231853,2,96.04627228
13.63152175,37.81015791,2,155.1778908
12.47586076,37.69942233,2,224.6457214
13.99550413,37.93269538,2,275.3287964
13.63146805,37.81007324,2,151.0767803
14.55408758,37.50310424,2,181.3522644
12.58527065,37.75561574,2,239.8099976
13.63128965,37.80981888,2,152.1509609
14.32239242,37.47365119,2,98.57390594
14.02207688,37.27832091,2,164.2569618
14.95333482,37.97436191,2,184.7484436
14.34323883,37.5578131,2,293.2591248
13.38322514,37.6963292,2,99.64803314
12.49403049,37.68368377,2,202.4915161
13.93942897,37.92448834,2,271.5583801
14.69289163,37.31877771,2,59.49165344
12.5846608,37.7558502,2,248.2509155
14.89868783,37.23431615,2,60.64685059
14.7435202,37.27598284,2,129.9584427
14.55409603,37.50290769,2,183.3636169
12.48516405,37.69152486,2,220.1560974
13.70956175,37.77568156,2,183.0500183
14.93417823,37.31233942,2,173.5515957
13.93915358,37.92450578,2,258.692688
12.47139859,37.70437563,2,355.5963135
14.50005301,37.26278715,2,205.8641357
15.21654791,37.70667402,2,175.0117183
13.34695404,37.68744542,2,2.623245239
13.59608091,37.4260772,2,351.9920807
14.51512277,37.19847741,2,246.9159241
14.66290928,37.42043119,2,135.7818451
13.55043259,37.69407969,2,321.6446533
13.65752709,37.40407423,2,107.0837402
13.17912403,37.84193838,2,302.9351959
15.01590889,37.30905775,2,140.4260788
14.39410454,37.27615365,2,140.3240929
12.47154574,37.70485486,2,347.3887024
14.50011939,37.2626708,2,206.4281616
13.34742869,37.68767628,2,256.7549744
13.38290551,37.69629554,2,109.7345352
12.55458496,37.77003766,2,340.6502075
14.18936566,37.96981533,2,84.8889389
14.55266429,37.46037592,2,280.8668213
14.70931036,37.34903794,2,225.0221863
14.32219386,37.47364074,2,89.07495117
13.55542706,37.38753331,2,145.1725769
13.92512971,37.74004357,2,345.5705261
14.3847645,37.27425921,2,97.33808136
15.16891137,37.23723164,2,235.2007751
14.92688391,37.23172933,2,5.255187988
12.85696451,37.65857902,2,345.5954285
14.50216756,37.12817898,2,302.8595581
13.24947474,37.80266526,2,110.7339859
14.4308459,37.49345075,2,251.0610352
14.99516932,37.36465838,2,176.37567
14.32265684,37.5402493,2,303.7841187
12.58485206,37.75578667,2,246.8046265
14.18948706,37.96979355,2,254.4180908
14.3844236,37.27461782,2,276.0239868
14.39825179,37.47870501,2,265.9186401
14.62761324,37.23488005,2,181.013031
14.74337734,37.27533722,2,193.4958191
12.49416542,37.68334473,2,129.9593315
15.01597389,37.30911851,2,140.2353859
14.55318062,37.46044983,2,280.4556274
14.17141833,37.71199744,2,239.4442139
12.64251784,37.8938093,2,265.9254456
12.49389775,37.68345085,2,10.61772156
13.24936942,37.80263189,2,113.009613
13.81325075,37.81428412,2,305.9523926
14.74339247,37.27584633,2,157.3625393
14.70000322,37.38750962,2,328.1210175
14.70460119,37.2539748,2,213.0131836
14.55238879,37.46033831,2,279.7857666
14.62321308,37.39226007,2,96.67719269
12.66946924,37.69346495,2,208.1514893
14.18144388,37.38183651,2,148.8795872
12.49439459,37.68340941,2,87.99516296
14.70263055,37.27553301,2,2.078842163
14.17076733,37.71239116,2,51.34124756
12.60850487,37.85829408,2,4.219360352
14.9002199,37.57873971,2,140.2064896
12.89754752,37.60754967,2,247.7341614
14.14261859,37.85118707,2,71.44700623
13.20910454,37.89139269,2,258.3362122
12.60860858,37.85754027,2,27.98182678
14.20756527,37.88624779,2,353.1090088
13.20977699,37.89134728,2,303.4473267
13.78702072,37.96250493,2,57.70908356
12.66744058,37.96248106,2,15.08810425
13.2064468,37.8553936,2,93.8536911
14.66465868,37.23372101,2,210.7836304
12.79049901,37.69476222,2,2.974960327
12.55762215,37.78633574,2,97.82804108
14.0401099,37.80430874,2,33.45722961
14.97073006,37.88385768,2,8.892272949
14.17876433,38.00851132,2,35.79588318
13.3662285,37.80127092,2,165.1962337
12.79048953,37.69483719,2,183.1065063
13.28374662,37.69650584,2,343.6289825
14.42079855,38.03759069,2,132.8255424
14.6669984,37.07930072,2,267.0460205
14.42069987,38.03752597,2,129.9640808
13.89274153,37.8860035,2,157.8805637
13.12274086,37.82466948,2,321.3506165
13.90528716,37.92581903,2,189.7184448
13.17337322,37.81412735,2,72.382164
13.20699565,37.85553591,2,129.2531853
14.74993696,38.03821717,2,159.2889156
13.0933179,37.77804629,2,334.9634094
14.20751099,37.88604713,2,346.9427948
15.17654697,38.15411853,2,341.4161835
14.43756325,38.03680079,2,272.2817078
13.20996951,37.89146271,2,137.0033875
12.87205267,37.84984999,2,200.4543152
12.76973961,37.88158588,2,112.3968582
15.07913034,37.80752783,2,74.00183105
13.68130397,37.8515254,2,348.1482391
14.8221493,38.15479298,2,224.8664246
13.32170241,37.77244352,2,59.88973236
13.20996907,37.92516296,2,302.3523407
13.59424005,38.00437053,2,26.49276733
14.69604802,38.11521355,2,147.4864311
14.79653391,37.43667832,2,282.2203369
14.09140945,37.92560034,2,162.3614597
12.474132,37.70174416,2,207.959259
14.1323779,37.53878493,2,125.3929405
14.28031964,37.78498636,2,318.8629761
12.89858099,37.84771008,2,348.5904846
12.7068789,37.7191443,2,77.35116577
14.94241706,38.17768839,2,206.3453674
12.55774411,37.78634644,2,96.66418457
14.70254041,36.77215898,2,56.26660156
15.1645398,37.84558372,2,287.8981171
12.64268922,37.89379863,2,37.66265869
14.99505609,37.36462813,2,45.97177124
13.54344239,37.78709101,2,67.55813599
13.20970798,37.92553739,2,133.8223495
14.82467032,38.01167068,2,102.1656494
13.17050715,37.77087201,2,245.0748291
14.96414208,36.72595002,2,200.0932007
13.12265993,37.82459558,2,318.3705902
12.79050515,37.69518642,2,181.5530701
14.28013481,37.78483889,2,316.4308472
12.94616154,37.81046793,2,357.866272
14.94201458,38.17798487,2,31.89027405
12.82188993,37.84896723,2,0.246353149
13.59703177,37.92569529,2,225.254425
13.43103901,37.96501215,2,103.125206
12.76298196,37.75162708,2,29.73504639
14.33137571,37.17015147,2,115.7672348
13.55432168,37.88641197,2,342.6420135
13.63392733,37.50178329,2,337.4824219
14.78525037,38.1167452,2,307.6854248
13.79251557,37.82389186,2,275.6403198
12.82496874,37.62489608,2,185.0733948
14.90029136,37.57880501,2,139.0687828
13.36192741,37.77104651,2,36.78785706
12.94614784,37.81029984,2,358.3915863
14.42090665,38.03764363,2,102.7132034
14.77697158,37.34462735,2,230.5748901
13.50740484,38.00132182,2,241.6925964
12.7075945,37.71900451,2,78.39978027
13.36630836,37.80154452,2,171.1013269
13.74349638,37.84867972,2,302.4176636
12.60863783,37.85749813,2,30.86042786
14.37585384,36.96846607,2,45.60597229
12.60852204,37.85776527,2,5.036453247
15.20402127,37.69663786,2,214.2055664
14.51545029,38.04044696,2,318.768631
15.21815663,37.71394857,2,78.56264496
14.78739318,36.88382122,2,38.14772034
13.66881002,37.99353671,2,278.1068726
12.9764511,37.76943477,2,147.0640793
14.2075768,37.88645297,2,5.440475464
14.33910832,37.16826127,2,320.1215057
14.85607519,36.73454411,2,267.643219
12.60851749,37.85786553,2,1.266174316
13.20971801,37.92510012,2,269.746582
14.05518623,38.00058667,2,325.2537231
15.32377219,37.9197566,2,34.55233765
14.13078675,37.92589684,2,90.55332947
14.9738341,38.11802253,2,299.1545715
14.9001202,37.65925968,2,300.4927368
12.73168797,37.77560531,2,161.0819111
14.66408432,36.76874847,2,10.89146423
13.43519401,37.92506837,2,175.0126443
15.05098276,37.61726585,2,80.34932709
13.48521551,37.82646103,2,284.7841797
14.21633067,38.00421903,2,111.9193878
14.41330508,38.03242307,2,313.7831421
13.33514025,37.8488638,2,95.60829926
14.40317385,37.56549099,2,195.0388184
15.09532882,36.69807064,2,7.670974731
13.21019478,37.92524394,2,279.454895
15.16466528,37.84561005,2,109.065155
13.52819832,37.65864099,2,214.8431091
14.74740087,38.07437164,2,198.7446899
13.49424686,38.10369633,2,72.58454132
13.41177064,37.9539514,2,221.1273193
14.13032244,37.9965601,2,102.3012848
13.48039321,37.94984709,2,68.53327179
14.16018698,37.48368451,2,117.9811668
13.55006515,38.00298654,2,206.5627747
12.67021581,37.72921931,2,93.83904266
14.32225688,37.0812019,2,87.84432983
14.20146737,37.81374854,2,122.4756317
12.47394635,37.70182971,2,76.22595215
14.13011289,37.92591725,2,92.99223328
13.20961977,37.92547263,2,134.1328697
15.17645683,38.15374394,2,6.416534424
14.67481585,37.6495523,2,351.871994
14.55885193,38.05838687,2,114.7766571
14.85814914,37.07078157,2,269.2941895
14.29086502,37.0557796,2,161.1969185
15.43657488,38.01574071,2,306.6810913
14.56164192,38.05751115,2,108.5319672
13.54994361,38.00341139,2,187.3083496
14.36648336,37.11893551,2,302.0136414
15.16495854,37.65541536,2,255.0935059
12.86803925,37.76835927,2,96.89692688
12.76273569,37.75186564,2,55.25666809
14.70560686,38.07561655,2,167.1962109
13.68139984,37.8517997,2,164.049099
12.73161563,37.77547381,2,153.9993153
14.74990581,38.03812168,2,193.7709351
12.6427728,37.69536172,2,322.379303
14.14273677,37.85115955,2,77.18077087
13.48024871,38.00453756,2,66.75202942
14.93669301,37.11971675,2,243.0307617
13.91407259,37.72053726,2,323.5177765
14.36718008,37.74569975,2,183.2287292
12.72076091,37.76709776,2,239.7902527
13.48075014,37.94953478,2,356.2325592
14.72437377,37.48289994,2,26.14028931
14.48074782,37.27582991,2,13.61875916
14.91257357,36.87186439,2,21.94364929
12.627068,37.60658075,2,207.8098755
15.5027633,38.09112565,2,357.1729126
13.54311177,37.78720421,2,248.1905518
13.1787889,37.72875069,2,93.05931854
12.60397816,37.87259703,2,69.4263916
12.72079203,37.76743376,2,144.6755981
14.13067418,37.92589797,2,90.03423309
12.7691066,37.88138771,2,111.042305
14.47293162,37.74043151,2,123.9035225
12.82179087,37.84847969,2,341.7738037
13.24739141,37.85114678,2,243.2203979
12.67269279,37.61871376,2,292.0493927
15.32406582,37.91959355,2,243.6595459
14.97404198,38.1181147,2,122.9206429
13.51820267,37.42099756,2,220.5911865
12.47383446,37.70187907,2,51.05227661
14.21620676,38.00417852,2,297.6183624
13.17419218,37.81387909,2,69.06268311
12.60851013,37.85818483,2,2.77961731
13.82473024,37.38716199,2,142.7006683
14.93768787,36.7296034,2,266.7052002
13.62895522,37.61488755,2,272.6391602
15.21700749,37.70687094,2,347.9510345
15.05809051,37.89402606,2,76.46103668
12.67405066,37.80020259,2,232.0111389
13.62762667,37.38757331,2,15.69721985
13.28389125,37.77219007,2,344.4399109
14.86017831,37.69237477,2,293.3294678
13.90566487,37.92588023,2,112.2872086
14.89829526,37.54167082,2,66.64402771
13.70521811,37.9904409,2,280.8406982
13.33461181,37.84883206,2,93.92959595
14.20302872,37.16549271,2,177.5074646
14.43756352,37.65659686,2,49.97154236
12.79050331,37.69509777,2,179.035479
14.20717538,37.08145351,2,336.7760468
13.21041195,37.92520491,2,237.4301453
13.20623694,37.85540354,2,274.7089233
12.90534572,37.70104151,2,84.47142029
13.17083636,37.77074994,2,246.2204895
13.23532615,37.87727556,2,212.819397
12.63855709,37.962221,2,150.3429623
12.52090966,37.77062827,2,145.3581505
12.47434984,37.70150219,2,218.0576477
13.48037424,38.00449234,2,65.45653534
13.90135519,37.12137066,2,111.1327362
14.82518373,37.31075213,2,352.8887939
13.16991737,37.7710855,2,247.2752991
15.20511184,37.73319655,2,191.5914612
13.89279481,37.88619437,2,358.7867584
12.97638398,37.76935697,2,150.0455341
14.01818835,37.78282645,2,121.7152405
14.21742022,37.86990381,2,51.7389679
14.59950736,38.0633508,2,295.4481659
13.17003582,37.77104451,2,246.3808594
13.20854027,37.80905954,2,56.02809906
14.35592734,37.60334467,2,165.8747997
15.35283326,37.92746811,2,325.782486
14.6748179,37.64945254,2,10.17198181
14.93872854,37.84727637,2,332.3296204
14.33726836,38.01708133,2,39.35626221
13.54366499,37.78705089,2,102.7326202
14.23273402,37.89115094,2,299.73349
14.89387281,37.05337646,2,298.4975586
15.16286628,37.73492423,2,132.2729263
13.52822047,37.92191303,2,23.05445862
14.35117395,37.77073341,2,147.1050148
12.51553912,37.69748424,2,144.7995949
12.71971137,37.84737891,2,237.4024353
13.48014523,38.00457173,2,72.74817657
13.28828809,37.80944098,2,71.90041351
13.40638082,37.67196629,2,272.8461304
13.93911552,37.92467591,2,127.2874374
14.33734062,38.01700139,2,36.66429138
12.78111147,37.88316352,2,97.99949646
13.82511154,37.23511833,2,258.7470398
13.20953544,37.92516319,2,223.5153809
15.09416796,37.31236659,2,167.7459898
14.74989121,38.03810664,2,21.09014893
14.69351325,37.4266076,2,151.6370068
14.44195415,37.15268684,2,355.3930206
13.59728032,37.69621088,2,140.2238274
15.06154567,36.66406283,2,212.9006653
12.6039369,37.8249645,2,278.906311
14.94187777,38.17815951,2,36.1875
14.16957094,37.96041769,2,265.2275391
14.12988526,37.9259015,2,98.32162476
14.24613534,37.81147244,2,100.2145844
12.73146534,37.77529414,2,143.3906136
14.24579619,37.81141643,2,105.5386353
13.20998597,37.7702069,2,156.388813
13.24763295,37.85108812,2,265.8144531
12.82136555,37.65583675,2,60.02771759
14.18913917,37.96982187,2,92.17809296
15.16488661,37.84564263,2,93.07602692
13.58354329,37.53044509,2,214.7753296
14.41345385,38.03253265,2,315.4654541
14.23200699,37.90670291,2,75.88874054
14.79594258,37.4363965,2,314.379837
12.73165412,37.77553795,2,158.3260422
13.92459164,37.60999157,2,353.7918243
13.48048919,38.0044508,2,65.25578308
13.91455928,37.72086345,2,304.5535889
12.823883,37.69182083,2,230.118866
13.20954345,37.9254101,2,142.5004387
13.55011264,38.00291943,2,211.9709473
14.66713879,37.15760116,2,41.0302124
12.7699502,37.88165487,2,114.1322861
14.56378464,38.0597801,2,83.75177765
14.4387965,37.53974251,2,124.6992264
14.47246711,37.74028148,2,106.5343628
14.69960225,36.73217176,2,252.5825195
13.12257179,37.82452456,2,313.4545898
12.57904279,37.65181043,2,0.323959351
15.28076119,37.85009214,2,217.7581177
14.94243078,38.17765895,2,209.7661438
12.76920852,37.88141816,2,110.8835526
13.55441304,37.88693102,2,0.127593994
13.91413791,37.72059802,2,318.341217
14.77822584,36.84646351,2,270.161438
13.67095088,37.28066865,2,93.46250916
12.94617533,37.81064788,2,1.606506348
14.9271214,37.82921275,2,285.8218384
14.24832031,37.77803651,2,278.3967896
12.82645772,37.73316004,2,159.5353279
13.66899086,37.88667168,2,47.43074036
13.21529048,37.65883094,2,168.6138525
12.64307236,37.69566687,2,144.0541534
14.67338947,36.8866054,2,92.84307098
14.47281576,37.7403769,2,118.5524979
13.12247845,37.824464,2,306.9864197
14.14217712,37.85146827,2,216.8092651
14.79684395,36.70711351,2,291.7143555
13.5968754,37.92582241,2,47.22546387
12.87198868,37.84992437,2,57.31742096
13.46864631,37.86086652,2,271.0917664
12.73181686,37.77591341,2,163.8862858
15.1764438,38.15383704,2,8.882720947
14.51275669,38.04024127,2,269.3788452
12.89850582,37.8473939,2,356.9007263
13.33538945,37.8488837,2,96.71228027
12.72071418,37.76734846,2,149.0659447
13.99597057,37.9327383,2,101.2629776
13.12192171,37.82424431,2,114.8798752
14.17913109,38.00827143,2,42.5982666
14.57775728,37.15621366,2,4.359817505
14.17073222,37.80314396,2,142.7401161
14.90015094,37.57867489,2,141.9908028
14.6620239,37.004568,2,210.8473511
14.90008759,37.57861045,2,143.1043282
12.94613299,37.81011491,2,358.2422791
12.90468591,37.70135654,2,227.3902893
14.56354691,38.05980621,2,262.1247559
12.71956039,37.84744355,2,57.07978821
13.55441798,37.88675215,2,176.0311441
13.20886193,37.80878404,2,41.412323
13.36206869,37.77088709,2,29.21890259
12.63328102,37.59827075,2,223.2136841
13.32542395,38.19347568,2,291.7226257
13.2094791,37.89133075,2,256.4953613
13.17072707,37.77078806,2,246.4926758
14.13232489,37.11896078,2,326.3597717
13.24829768,37.85121867,2,296.3973999
15.21948798,37.85559037,2,123.6114845
13.17368669,37.81404476,2,73.61243439
13.74371816,37.84878406,2,300.2496643
13.36201378,37.77096492,2,35.67953491
13.94129413,37.96581042,2,44.39863586
14.23300271,37.8914822,2,342.6581421
12.90447701,37.70149079,2,242.2893066
14.31729778,37.62233438,2,315.9887238
13.36989212,37.89136197,2,265.9415894
14.85468874,36.77134425,2,187.6369934
12.67033281,37.72922454,2,95.02146149
14.12999881,37.92591127,2,95.78414917
14.5992348,38.06331968,2,217.0007629
13.48007333,37.94978511,2,297.9808044
14.66802784,37.47352829,2,45.08699036
15.24229465,37.25610223,2,35.33929443
12.97643907,37.76966472,2,303.0577698
14.51836515,36.81409909,2,17.29180908
12.66960332,37.69323898,2,28.22041321
14.51781978,37.07106306,2,108.0557556
12.79050436,37.69499706,2,359.4506989
14.41342783,38.03247673,2,128.7823677
13.17320495,37.65739526,2,11.90516663
12.76297688,37.72325054,2,251.8440247
12.66106555,37.84956475,2,155.1049995
12.72093354,37.76759178,2,147.215519
13.59171486,37.31090105,2,51.7615509
13.47998027,37.94973789,2,307.3819122
12.82053141,37.81683635,2,35.26670837
12.8985607,37.8476084,2,351.9497681
13.8631845,37.37968437,2,83.8618927
13.60263993,37.80831364,2,274.5949402
14.24771935,37.77814638,2,58.81812286
13.43520265,37.92525714,2,183.1267395
12.97625289,37.76957302,2,304.4860229
14.21268885,37.41957237,2,61.23882294
12.70673557,37.7191728,2,77.25271606
15.49262303,38.07511377,2,157.0846348
14.55906494,38.05845628,2,295.1906433
13.20707408,37.85560083,2,311.9975433
14.35594332,37.60338831,2,165.761035
14.33720329,38.01715302,2,36.13314819
15.16512534,37.84562664,2,77.8755722
14.41320587,38.03236268,2,307.9119873
13.3618584,37.77112651,2,39.766922
14.28065817,37.78528998,2,308.1702576
13.0223691,37.73007735,2,140.4456215
15.19830606,37.65482,2,26.5993042
12.7817106,37.88328914,2,113.4731445
13.20911237,37.80855971,2,42.64202881
15.2023436,37.80321626,2,54.5530014
14.40914932,37.1930567,2,130.9178734
14.93853577,37.49853391,2,298.334259
14.67485633,37.64935303,2,24.21154785
14.66417258,37.19351756,2,118.6516762
12.73157118,37.77541272,2,149.6069107
13.59679513,37.92588232,2,230.4942932
13.90543832,37.9257951,2,296.4380341
15.20241465,38.15435898,2,314.6530151
13.25091915,37.69636889,2,207.7245483
14.59306853,37.0086268,2,274.4216919
14.78508378,38.11661962,2,318.2592468
12.9766386,37.76976091,2,306.5839539
13.5542418,37.88622267,2,340.7437134
14.23283497,37.89121188,2,321.4918518
13.54993143,38.00349665,2,186.2263489
14.62652733,37.7312696,2,274.1070557
14.5632208,38.05980695,2,304.7955627
12.47429315,37.70196746,2,118.3610611
14.21659472,38.00422189,2,249.7094727
14.82323338,37.76964101,2,156.2165394
13.33473703,37.84883812,2,275.5606995
14.13090013,37.92589545,2,90.23548889
12.89861707,37.84778834,2,332.7803955
12.97680062,37.76990002,2,330.6521149
14.15704291,37.876542,2,160.3490982
12.77015597,37.88172575,2,113.840271
13.20949266,37.92534085,2,163.402792
13.91420987,37.7206536,2,313.7528534
14.32297834,37.1677476,2,88.74336243
14.3558509,38.00100084,2,26.49778748
14.7853597,38.11679345,2,292.0303955
13.32180778,37.77239672,2,61.291008
13.91440387,37.72077785,2,307.733902
12.94617085,37.81055971,2,358.4484253
14.66564549,37.12129449,2,304.3493347
12.71983849,37.84730581,2,234.68927
14.06013365,37.935962,2,353.5984344
13.60274907,37.8083298,2,105.6140289
13.20961766,37.92511727,2,249.2734985
13.52833811,37.92191828,2,107.8086624
14.36807658,37.9001803,2,205.2145386
13.2481663,37.85117463,2,292.1254883
15.16442182,37.84555102,2,288.1141663
12.82188713,37.84887179,2,358.7667694
14.23304006,37.89157308,2,342.1979218
15.22980188,37.2662785,2,273.8550415
15.0549407,36.69798231,2,68.72676086
14.70513068,36.97894803,2,169.1711893
13.89277286,37.88609611,2,167.6904545
12.74901998,37.65816988,2,219.7567139
14.53057031,38.04353375,2,294.8443298
14.13365899,37.38774566,2,130.0419502
12.46906259,37.72603889,2,241.2104797
15.0510443,38.11674452,2,51.07081604
13.20902364,37.80863716,2,42.71893311
13.05396743,37.73694751,2,196.1452942
14.14233545,37.85133386,2,230.9290161
12.64299018,37.69558578,2,323.6363678
14.67524549,37.64984326,2,285.8265381
12.67427799,37.65761788,2,238.1559143
12.55748741,37.78632155,2,98.40155792
14.28073457,37.78534632,2,323.3476868
14.16248945,37.11861119,2,177.4879944
12.76302082,37.75156921,2,28.02507019
14.47824305,37.70028527,2,21.19790649
12.7630937,37.75144251,2,25.05827332
15.32385366,37.91969387,2,234.2911987
13.50763108,38.00122406,2,60.15090179
14.20135838,37.81370831,2,283.7905273
13.63894785,38.00664399,2,254.6629028
14.71621473,38.00667996,2,37.78967285
12.86322189,37.73697998,2,320.4130249
14.90256771,38.18343308,2,274.9298401
13.33286262,37.98132648,2,59.17765808
12.7074829,37.719019,2,256.2359009
14.87834485,37.45167491,2,255.7830505
14.13101492,37.92589396,2,90.20290375
13.20687752,37.85549301,2,296.9683838
13.54997688,38.00322784,2,191.0379944
12.64316269,37.69576145,2,142.8488541
12.97653897,37.76969981,2,299.8492126
14.97392039,38.11805762,2,119.6175194
12.76275147,37.72330143,2,257.3786926
12.85009982,37.76518842,2,87.55369568
12.82046946,37.81691665,2,30.86915588
12.70601304,37.58566424,2,178.300529
14.17095894,37.80335471,2,135.5979881
12.78147814,37.8832256,2,105.2409973
14.20800154,37.50233618,2,154.9342213
14.1750606,37.92828539,2,214.0571289
14.62914309,37.65706987,2,301.0213013
13.55000001,38.00314185,2,193.1466675
15.16524351,37.84561017,2,245.038269
14.74864296,37.03053636,2,249.1144714
13.63105393,37.5401128,2,244.9447937
14.90036505,37.57886939,2,138.1375389
13.411317,37.95372006,2,297.5852356
13.80548616,37.97571029,2,103.8972168
13.54991907,38.00357845,2,187.9886475
14.28105402,37.90027397,2,58.34747314
13.93314808,37.15129974,2,152.3148937
12.77005343,37.88169043,2,113.8587265
14.24753908,37.77824916,2,54.07135773
13.2093445,37.89135123,2,259.7955017
15.19823126,37.65455778,2,316.5898743
12.82388624,37.69183412,2,359.1274719
13.17358425,37.81407158,2,71.92699432
14.40584894,37.54056845,2,354.9915161
14.60119815,37.23755137,2,201.5237732
14.55916683,38.05849046,2,115.2745438
14.6276393,37.0479504,2,332.8454132
14.47269777,37.74033692,2,112.2403183
12.72087734,37.76704938,2,247.9988098
13.48498155,37.82641639,2,284.1850281
12.89852628,37.84750105,2,348.1471863
14.4419594,37.15270829,2,176.0207441
14.21648465,38.00424373,2,264.7643738
13.43520591,37.92516676,2,178.3693184
12.78098349,37.88314877,2,98.50467682
13.63101436,37.54019774,2,359.3640137
14.24807891,37.77803355,2,76.4413681
14.5996227,38.06337889,2,104.5224304
14.23252512,37.89108154,2,291.5935974
13.17402357,37.81393388,2,66.7463913
13.33435055,37.84881903,2,93.06634521
14.17469768,37.92862654,2,78.3496933
12.87177764,37.84995036,2,122.413269
13.82420292,37.18381078,2,327.9120026
14.17905305,38.00834663,2,39.23965454
13.20834335,37.80911233,2,90.77671051
12.67008208,37.72921582,2,92.86790466
14.27265672,37.39521593,2,97.47644806
13.20893957,37.80871224,2,41.66770935
14.13010536,37.99652064,2,281.9065552
12.86379255,37.73747698,2,314.9385071
14.41310747,38.03231088,2,302.8989563
15.16746244,38.12084352,2,119.1116409
12.86370661,37.737415,2,315.0075378
13.50751972,38.0012721,2,241.6655273
13.48068847,37.94958545,2,42.92454529
12.70723735,37.71907342,2,77.89949799
15.08840027,38.1158837,2,90.4825592
12.90497147,37.70115507,2,58.55129242
12.86760841,37.80909458,2,23.55833435
14.60324413,37.26313821,2,319.3294373
12.51896807,37.96540309,2,329.5493011
13.79274724,37.82390214,2,272.8513489
13.32159315,37.77249554,2,59.25401306
14.59417457,38.04502795,2,357.7742462
12.72100262,37.76700665,2,248.1826172
14.59581541,37.38190522,2,127.8258705
14.35087814,37.57730086,2,198.6764526
13.54333834,37.78712726,2,67.53297424
14.20157451,37.81380924,2,312.1503906
14.6734207,36.88661625,2,269.4245911
14.06435428,37.73081174,2,173.2395673
14.77828238,36.84646214,2,270.6124878
13.54322642,37.78716713,2,249.38797
13.33447118,37.84882196,2,273.9475403
14.78903867,36.7053492,2,102.3831787
14.14251647,37.85123335,2,245.4814453
13.82371823,37.34912497,2,101.3651886
13.24728768,37.85119919,2,230.5046082
13.12204381,37.82428808,2,114.876976
14.78516667,38.11668412,2,315.6234894
13.20987189,37.89140209,2,311.9767456
15.17662765,38.15420802,2,322.6054535
12.82175111,37.84839654,2,338.6999817
13.20947989,37.92526703,2,187.6308289
14.55866657,38.05830766,2,125.9843292
13.43138451,37.9650751,2,105.4428864
13.91468018,37.72092175,2,301.5733032
12.72085779,37.76750538,2,146.6345444
13.17391092,37.81397515,2,66.20954895
12.97673622,37.76982582,2,325.8347931
12.45540352,37.77874944,2,40.54429626
13.60252514,37.80832025,2,263.1546326
14.20166098,37.81386867,2,130.6777
14.58736686,37.07429389,2,141.9490547
14.47219504,37.74022303,2,105.0944519
12.73185088,37.77599726,2,164.0515089
14.24783211,37.77810122,2,67.79304504
13.79232077,37.82387895,2,274.6998291
13.54377505,37.78700558,2,71.76496124
13.20968227,37.89131305,2,288.1499023
14.20756642,37.88655061,2,7.046890259
13.43115003,37.96503763,2,106.421463
14.13056134,37.92589993,2,89.39464569
12.47439744,37.70201015,2,118.1618958
13.79262875,37.82389708,2,275.3713379
12.74660111,37.57784155,2,146.2009659
12.51816997,37.73315171,2,255.2323914
13.17348885,37.81409729,2,71.86165619
13.36629654,37.80145164,2,352.1697235
12.64292289,37.69551306,2,142.0925827
13.58967152,37.58122457,2,159.8147907
14.24699419,37.37910361,2,10.33503723
13.25242962,37.62442169,2,71.72848511
12.76287838,37.72327618,2,254.4939575
12.86338077,37.7371297,2,321.1706848
12.94614108,37.81020531,2,357.6904449
13.4851115,37.82642881,2,102.0266418
14.56288642,38.05969572,2,285.0280609
14.28074558,37.78546479,2,40.59298706
13.85497374,37.83369476,2,84.93125153
12.78158314,37.88325124,2,108.9001617
15.01244239,37.92747216,2,168.0375347
13.55421311,37.88613934,2,160.0834599
14.31682692,37.62207597,2,283.5808105
14.563434,38.05982582,2,80.85399628
14.3174682,37.62248318,2,318.2308044
14.40324339,37.56555872,2,245.5651855
14.05449705,37.77444714,2,55.11123657
13.66880657,37.99351729,2,98.69581604
15.42586712,38.00586418,2,146.5576096
12.67046067,37.72922939,2,93.46437836
13.5969531,37.92575978,2,224.3102112
14.33712348,38.01731944,2,299.9233704
13.21005965,37.92520503,2,297.4827728
13.55871314,37.81409482,2,74.80758667
14.47612493,38.03226834,2,165.141448
14.74708175,38.0741962,2,53.28307343
12.90510117,37.70109759,2,65.53358459
13.3330778,37.98120632,2,50.82798767
14.20748119,37.88595562,2,351.3469696
12.70659337,37.7192022,2,77.16121674
14.31738245,37.62240582,2,317.3348846
13.79266289,37.26866426,2,131.8509102
13.43519401,37.92535847,2,183.320282
12.82187581,37.84915843,2,9.879516602
13.55428664,37.88630022,2,160.012043
13.90578842,37.92592102,2,116.1037254
15.04875033,37.11846257,2,120.1208496
14.51399919,37.65585735,2,283.2659607
14.35597591,37.60347621,2,165.5774746
13.82705695,37.27565349,2,201.3737793
14.28055746,37.7852214,2,315.4987793
14.31704766,37.62213771,2,121.7835464
14.06437404,37.95681685,2,93.1949234
14.94195638,38.17806405,2,33.15777588
13.59013028,37.50213097,2,255.588501
13.48028461,37.94985408,2,279.6439514
13.36627151,37.80136331,2,345.6087494
13.17028459,37.77095419,2,246.025116
13.43126423,37.96505601,2,97.17177582
15.50278235,38.09088261,2,5.505050659
14.5997223,38.06341908,2,293.059021
14.24601682,37.81145749,2,103.2585526
13.29507421,37.74449214,2,239.7961426
13.59670234,37.92593242,2,60.4728241
13.95052008,37.84037186,2,250.8722534
15.09021309,36.77152793,2,310.9561768
14.17088091,37.80328921,2,318.867691
12.6837343,37.56035306,2,101.5536194
12.62557586,37.65517782,2,114.701355
15.32038107,37.99967332,2,18.92408752
14.78799516,36.81234024,2,356.1169739
13.37433258,37.65918186,2,129.9147148
12.60851705,37.85791586,2,1.189865112
12.97685228,37.7699746,2,335.5829468
13.90554089,37.92584799,2,113.4365692
13.65207454,37.46619705,2,194.1903687
15.17647851,38.15402861,2,334.5780182
14.28077433,37.78540153,2,11.86604309
14.35603823,37.60366208,2,346.701767
14.33708522,38.01727892,2,73.23309326
14.17889052,38.00849142,2,64.23628998
13.8265053,37.31097273,2,29.20492554
12.67228545,37.7289427,2,59.00879669
13.48487683,37.82639586,2,284.6209412
14.13033609,37.92590943,2,87.41775513
12.70702266,37.71911584,2,77.63921356
12.71915631,37.56785017,2,318.4099426
14.50087851,38.03093872,2,277.2876587
14.19831131,37.73897351,2,144.0021172
12.70601445,37.58563305,2,176.1987364
14.31714192,37.62219786,2,131.6413879
13.74051339,37.81004428,2,105.8548355
13.74926685,37.39119725,2,321.2595825
14.5928857,36.97282382,2,38.90817261
13.20870674,37.80892788,2,40.94360352
13.7438443,37.84883808,2,119.6277924
13.95088907,38.02920053,2,359.6574097
14.94176396,38.17832943,2,20.28381348
13.2065747,37.85542751,2,278.2120972
13.2084452,37.80909893,2,73.60391235
15.16501263,37.8456427,2,266.9596558
13.20632268,37.85540867,2,275.0143738
13.55002834,38.00305993,2,198.7454834
12.90522419,37.70106049,2,73.05471039
12.97616204,37.76952122,2,308.7252197
14.59101983,37.73736743,2,94.63751221
14.56366542,38.05979348,2,82.96803284
14.35600858,37.60356322,2,165.5375776
14.67484993,37.64963962,2,333.2362976
13.78712444,37.96245285,2,57.99053955
12.71290373,37.62174079,2,90.28073883
14.47236297,37.74025828,2,108.5077515
14.13022476,37.92591588,2,88.57785034
14.63539736,37.08772828,2,67.90310669
13.99595525,37.9327415,2,95.69190979
13.59723909,37.34320265,2,233.6367493
13.32191836,37.77233881,2,53.88773346
13.48017558,37.94982666,2,117.2135124
12.47427391,37.70157567,2,214.7648621
14.78330247,36.7044707,2,110.2296829
12.86330203,37.73705552,2,322.1754608
13.54950776,37.470439,2,255.2536316
12.82185325,37.84867322,2,349.1602631
14.42052134,38.03740384,2,144.7098198
12.48657265,37.69284864,2,297.2037048
14.43820408,37.0414985,2,143.0842171
13.33296281,37.98127511,2,55.42649841
14.42059773,38.03745868,2,131.7680931
12.76933193,37.88145508,2,111.5731277
14.24844824,37.77804938,2,106.7928696
13.26398723,37.84159829,2,120.7597008
14.24819336,37.7780221,2,89.56840515
13.20862628,37.80899904,2,45.11671448
12.71917016,37.56784394,2,285.2049866
13.89278702,37.88631938,2,13.88832092
14.70607005,37.15800872,2,279.1752625
13.48061375,37.94965782,2,219.2471619
14.67501968,37.64977578,2,300.3520508
13.33315446,37.98115161,2,44.3604126
14.51124954,37.39379714,2,289.4397888
12.76953436,37.88151773,2,112.6457901
14.66564505,37.12130103,2,302.819397
14.55896004,38.05842129,2,294.3265839
15.50277904,38.09079097,2,351.1834717
12.68409295,37.56044271,2,105.9792862
13.43683754,37.73498521,2,142.7865524
12.76943288,37.88148516,2,112.2822037
15.32396514,37.91963332,2,59.35736084
14.67536774,37.64986934,2,290.2884521
15.50274309,38.09069853,2,335.4616394
14.14225318,37.85139787,2,225.2952271
14.24590699,37.81143805,2,104.9239426
13.66215363,37.54051913,2,301.0291443
14.19757566,37.58245823,2,344.0876923
13.21117719,37.69672256,2,174.2716093
12.73178319,37.77583104,2,163.7502537
14.5630878,38.05974612,2,118.1392937
13.95631926,37.76065963,2,53.85350037
13.17016192,37.77099892,2,245.9099121
13.60239754,37.80831143,2,176.9279613
12.55733656,37.78630512,2,98.72781372
13.33500041,37.84885361,2,95.998909
12.78072665,37.88312987,2,94.14550018
12.76290873,37.75172509,2,36.87402344
14.27949343,37.0789905,2,32.51654053
12.71996185,37.84722723,2,231.8742065
13.12226865,37.8243701,2,294.9023438
13.24750016,37.85110319,2,74.33768463
14.59983844,38.06345631,2,295.4896698
12.60851416,37.85807674,2,1.931213379
12.47373918,37.70194559,2,48.39762878
13.21031265,37.92523815,2,255.4587402
12.80140543,37.65979641,2,19.55728149
14.19396749,37.91594326,2,236.8137817
13.12215104,37.8243286,2,294.5173798
13.2478987,37.85110674,2,283.3938293
14.23262908,37.89111396,2,293.2894897
14.28040687,37.78506899,2,324.7687683
12.8720827,37.84963195,2,186.0375671
15.16421272,37.84555648,2,40.97622681
13.41186365,37.95387887,2,239.2276001
14.23307581,37.8916598,2,344.1112518
13.50727655,38.00137644,2,241.834198
12.47420505,37.70166388,2,210.3137817
12.76984574,37.88161865,2,112.4852219
14.47826544,37.70030321,2,200.8921509
12.8634574,37.737201,2,320.2834167
12.97607128,37.76946208,2,300.778595
12.86387936,37.7375462,2,315.1869354
12.63313804,37.59839005,2,223.1348267
14.55927822,38.0585266,2,292.9683838
14.13021448,37.99653835,2,283.3925781
13.68136662,37.85171589,2,343.8488007
12.82498068,37.62484787,2,182.7973328
14.74375777,36.9272224,2,207.331665
14.6435127,37.14452067,2,131.5142784
13.33526608,37.84887345,2,96.76239014
13.74361474,37.84873522,2,121.4321404
14.67512965,37.6498155,2,290.4848938
15.1256759,36.69792853,2,41.02548218
14.56154813,38.05725355,2,199.6359253
12.63498755,37.7159808,2,229.1414185
14.4658794,37.50862639,2,126.5663185
13.41160585,37.95391257,2,314.5939484
13.55440262,37.88664024,2,171.3597155
13.29528897,37.74438121,2,232.1848755
13.82178826,37.42744963,2,329.3957825
14.24710278,37.54260458,2,69.07284546
13.41140632,37.95376397,2,119.8313065
14.17897307,38.00842231,2,40.31575012
14.70533686,37.5037643,2,295.8508606
12.7904998,37.69490312,2,359.4742126
13.90333957,37.66205176,2,70.45412445
12.72067542,37.76717682,2,206.1700439
12.47411039,37.70179265,2,194.3475952
14.3540885,38.0168751,2,284.9759064
12.73175119,37.77575295,2,163.6885376
14.64581153,37.46809005,2,205.7954102
14.47305086,37.74049079,2,124.0275536
13.89338911,37.42514178,2,228.2026672
14.94173259,38.17826691,2,317.4409332
13.91399179,37.72043548,2,335.6517639
12.87207664,37.84973241,2,184.4178467
14.20550757,37.46457587,2,257.7661133
12.76308019,37.72320897,2,229.4169006
12.90478654,37.70128202,2,228.4966431
14.08958703,37.73768422,2,129.6414223
13.29537988,37.74432707,2,235.4146729
13.41150489,37.9538103,2,311.345459
14.81721523,37.16238009,2,278.7792053
15.33913608,37.99605121,2,135.5366974
15.50276786,38.09099121,2,2.927383423
14.17256065,37.58339487,2,258.2355347
12.6085421,37.8576717,2,14.90039063
12.89867582,37.84786305,2,314.4511871
12.86362524,37.73735244,2,316.6213531
14.03394031,37.23399424,2,77.22879028
14.23295455,37.89138924,2,335.1703186
15.09078837,36.73526792,2,110.9072266
14.52405754,36.88124721,2,323.2886047
14.20755294,37.88664418,2,7.121429443
14.24762762,37.7781965,2,53.33920288
12.82650177,37.73325156,2,340.4258575
13.79239929,37.82388431,2,276.8252563
14.97373391,38.11797135,2,306.9838257
15.05345379,36.6718629,2,192.4826355
14.44770448,37.06557206,2,174.4245181
14.33724918,38.01736066,2,282.4306335
12.78085551,37.88313712,2,95.9109726
14.26931027,37.49866214,2,297.1836243
13.2092254,37.89136797,2,80.29936981
13.70877675,37.81063278,2,136.3720474
12.60851679,37.8579696,2,1.432937622
15.12967178,37.65759889,2,298.5624084
14.35601985,38.00070618,2,198.1604919
13.68133684,37.85162801,2,165.4763803
13.41160382,37.95382173,2,63.82683563
13.20716272,37.85565941,2,135.0590935
12.78137419,37.88320526,2,102.3709641
12.60858248,37.8575827,2,24.37226868
12.97651568,37.76951477,2,151.8133526
12.47362843,37.70202639,2,45.93238831
12.47450522,37.70205461,2,117.1882782
13.02142651,37.80623746,2,319.0400238
13.55442248,37.88686357,2,179.1960542
13.48054088,37.94973116,2,39.34986877
12.82188792,37.84906152,2,4.368011475
14.14284527,37.85114622,2,262.4663086
14.23959589,37.81883401,2,136.5414391
14.20754106,37.8861429,2,348.8558197
12.86803626,37.76837962,2,274.508606
13.41178968,37.95368938,2,47.65884399
12.7244303,37.56892443,2,341.3287048
12.94617243,37.81075911,2,5.648468018
13.54988227,38.00369047,2,200.8431702
12.97634699,37.76961896,2,303.0138855
14.28022869,37.78491229,2,315.5846252
15.01799071,36.70241761,2,342.1974182
13.24803351,37.85113615,2,289.4469757
13.89268623,37.88591995,2,332.8442993
14.31755092,37.62255916,2,318.1799469
14.47209215,37.74020801,2,102.610405
12.70738024,37.71904529,2,77.99678802
14.9418169,38.17822973,2,31.48950195
12.82060863,37.81676449,2,44.21887207
14.6685346,37.50241567,2,159.6370773
13.29518731,37.74443849,2,237.5226135
12.9763266,37.7692678,2,155.6189232
14.17080226,37.80321759,2,144.5976143
12.90458572,37.7014303,2,229.3543091
12.86933142,37.60963791,2,147.0171585
14.31692872,37.62209946,2,291.2728882
13.55895624,37.81404765,2,77.92670441
13.17062569,37.77082615,2,244.5404053
13.9959525,37.93273803,2,315.2013397
14.13044929,37.99657906,2,282.776825
13.17431451,37.81384683,2,72.35470581
15.19597416,38.17202555,2,211.8506165
14.20754097,37.88673281,2,6.743759155
12.47419429,37.70192516,2,124.5685158
14.33714213,38.01722621,2,38.91377258
12.82182351,37.84856514,2,345.8804932
15.04215729,38.04500914,2,32.27789307
14.46560806,37.5624515,2,78.33213806
14.3167244,37.62205615,2,282.4334717
14.56300111,38.05971793,2,107.4361496
14.43190801,37.7699862,2,152.2937622
12.73152111,37.77535304,2,146.1153946
12.73188508,37.7760822,2,164.1115065
14.85733944,37.65299304,2,196.6101685
12.70963095,37.66419804,2,333.5511932
13.55911725,37.81401978,2,78.22737885
14.93932966,37.27322243,2,123.5363388
14.71623351,38.00659251,2,356.4544373
14.20044473,38.0144672,2,103.4890518
14.78218982,36.70430998,2,87.25403595
